ID	Language	Word	Gloss	Annotation	Cognacy
90452	borong	I	ni	I	1746,094.1ea4
91684	borong	where	daaŋeŋ	where	
90466	borong	thou	gi	thou	094.1e80
91978	borong	(its) flower	dzura-	(its) flower	094.1e04
90480	borong	we	nono	we	094.1f4e
91810	borong	(he) throws	mesao-	(he) throws	094.1ea2
90578	borong	(he) says	dzo-	(he) says	094.1e90
92076	borong	(its) wing	eŋgaŋ-	(its) wing	094.1ead
90704	borong	(he) gives me	non-	(he) gives me	094.1ed7
92202	borong	dull	dzitakpaak	dull	094.1ee8
90984	borong	(he) sleeps	e-	(he) sleeps	094.1f39
91964	borong	lake	aŋgoŋ	lake	094.1e71
90998	borong	(he) eats	ne-	(he) eats	094.207f
92356	borong	work	gawoŋ	work	
90718	borong	(he) stands	nan-	(he) stands	094.1df6
91586	borong	(its) eye	dzaa-	(its) eye	094.1eb7
91012	borong	(he) bites it	ki-	(he) bites it	094.1e5e
92370	borong	spear	wasak	spear	
90732	borong	all	kuuya	all	
92216	borong	(his) brother	dat-	(his) brother	094.1e93
91026	borong	black	indzaŋa	black	094.1e8f
92272	borong	(she) sews	euŋme-	(she) sews	094.1f62
90522	borong	that	lo	that	094.1edb
91768	borong	(he) holds	me-	(he) holds	094.1e6a
90592	borong	moon	koiŋ	moon	094.1eeb
92342	borong	clothing	opo	clothing	094.1de5
91040	borong	green	asoŋ asoŋ	green	094.1e47
91866	borong	(he) digs	toguŋken-	(he) digs	
90746	borong	many	mamagu	many	
92090	borong	(its) breath	osoŋgoŋ	(its) breath	094.1dfa
91054	borong	white	tataaŋkota	white	
91992	borong	(its) fruit	oŋ-	(its) fruit	
90760	borong	night	ketek	night	
92104	borong	(he) vomits	lon-	(he) vomits	094.1e46
91068	borong	red	osoga	red	
91600	borong	(its) skin	sele-	(its) skin	094.1f15
91082	borong	yellow	gogookota	yellow	094.1e34
92384	borong	(he) blows	uu-	(he) blows	094.354c
91096	borong	good	auaa	good	
91502	borong	(his) hand	borok	(his) hand	
90536	borong	this	I	this	094.1f04
91880	borong	(he) cuts	koto-	(he) cuts	
90606	borong	round	lilik lilik	round	094.1e8b
92398	borong	(it) swells	somaro-	(it) swells	
90774	borong	long	koriga	long	094.1def
91782	borong	(he) falls	kamaa-	(he) falls	
91110	borong	hot	gerek	hot	094.1e44
92230	borong	(his) sister	naaŋ-	(his) sister	094.1ea9
91124	borong	new	gbilia	new	094.1e87
91796	borong	(he) turns	meleen-	(he) turns	094.1e66
90620	borong	(it is) full	saa kpe-	(it is) full	
91530	borong	(its) tooth	dzot-	(its) tooth	094.1f5e
90788	borong	big	somata	big	
92118	borong	(he) laughs	dzomo-	(he) laughs	094.1f27
91138	borong	(it is) dry	tobori-	(it is) dry	
92258	borong	(his) mother	maŋ-	(his) mother	
91152	borong	cold	oloŋa	cold	
91516	borong	(its) tongue	neselaŋ-	(its) tongue	094.1f48
90634	borong	(his) knee	simiŋ-	(his) knee	094.1e84
90914	borong	(its) fat	kelega	(its) fat	094.1f57
90802	borong	small	meraak	small	
91698	borong	how	nomaiŋ	how	
91166	borong	(its) name	dzakota	(its) name	094.1e0c
91894	borong	some	tosi-	some	094.1ece
91180	borong	not	mende	not	094.1e72
92132	borong	(he) sucks	bugo-	(he) sucks	
91194	borong	(it) burns	dze-	(it) burns	094.1e08
92006	borong	stick	taak	stick	094.1e2a
90816	borong	star	seŋgeleu	star	094.1e3b
91446	borong	bird	kooŋ	bird	
91208	borong	road	kanak	road	094.1f66
91614	borong	(its) head	osoga-	(its) head	
91222	borong	water	apuk	water	
92146	borong	(he) cries	saa-	(he) cries	094.1ef9
90494	borong	who	moŋ	who	094.1f2a
92020	borong	worm	genambeŋ	worm	094.1e89
90550	borong	one	motooŋgok	one	
91712	borong	and	ano	and	
90648	borong	(its) claw	kosi-	(its) claw	
91908	borong	short	torodaamoŋ	short	
90830	borong	sun	weeŋ	sun	2e3e
91544	borong	(its) foot	kani-	(its) foot	094.1e2d
91236	borong	smoke	kaasok	smoke	094.1f63
92244	borong	(his) father	nemuŋ-	(his) father	
90844	borong	cloud	koosuk	cloud	094.1dfe
91922	borong	wind	haamok	wind	
91250	borong	(he) hit him	kpe-	(he) hit him	094.1f2f
92300	borong	(he) shoots	do-	(he) shoots	
90858	borong	rain	koŋ	rain	f51
91628	borong	(its) bone	siita	(its) bone	094.1f1a
91264	borong	(he) knows	mo-	(he) knows	094.1dea
91460	borong	woman	embak	woman	094.1e2b
91278	borong	sand	sakasiŋ	sand	094.1e98
91726	borong	there	endu	there	094.1e1a
90662	borong	breast	adzu-	breast	094.1e97
92314	borong	(he) counts	weeŋgo-	(he) counts	
90872	borong	(its) belly	keri-	(its) belly	094.1f2c
91474	borong	man	edzak	man	
91292	borong	stone	dzamok	stone	
91642	borong	he	I	he	094.1ec0
91306	borong	mountain	baaŋa	mountain	094.1eb4
91936	borong	sky	siwek	sky	
91320	borong	ashes	took	ashes	
92174	borong	old	kerugaha	old	
90886	borong	(its) nose	sewaŋ-	(its) nose	
91558	borong	(its) tail	dzi-	(its) tail	094.1ecf
91334	borong	earth	namok	earth	
92048	borong	animal	osoŋ	animal	094.1f3d
91348	borong	(its) leaf	seŋ-	(its) leaf	094.1ed5
92034	borong	snake	mokoleŋ	snake	094.1e26
90508	borong	what	namuŋak	what	
92286	borong	rope	dzowak	rope	
90564	borong	two	woik	two	094.1e05
91656	borong	ye	oŋo	ye	094.1f1d
90676	borong	(he) comes	waa-	(he) comes	
92160	borong	(he) spits	sulaak-	(he) spits	
90900	borong	(its) heart	bakota	(its) heart	
91838	borong	(he) pushes	kpetanoke-	(he) pushes	
91362	borong	tree	ik	tree	094.1f55
91572	borong	(its) meat	busi-	(its) meat	094.1f13
91376	borong	(its) root	tiita-	(its) root	
91740	borong	right (side)	orowak	right (side)	
90928	borong	(its) neck	are-	its neck	
92062	borong	(its) back	gemasit-	(its) back	094.1e38
91390	borong	(its) seed	kota	(its) seed	094.1e6e
91670	borong	they	ioŋoŋoŋ	they	
91404	borong	(its) ear	gedza-	(its) ear	094.1ebc
91488	borong	(its) blood	saya	(its) blood	094.1f5d
91418	borong	louse	imoŋ	louse	094.1e02
91950	borong	dust	ilawela	dust	
90690	borong	(he) sits	ra-	(he) sits	094.1f0a
91754	borong	left (side)	kanik	left (side)	094.1e22
90942	borong	(its) hair	dzui-	(its) hair	094.1f40
92188	borong	warm	geriawok	warm	
91432	borong	dog	kasuk	dog	094.1f4d
91852	borong	(he) washes	soŋgbaŋ-	(he) washes	094.1f36
90956	borong	(he) dies	komu-	(he) dies	094.1ef4
91824	borong	(he) pulls	oro-	(he) pulls	094.1e83
90970	borong	(he) sees me	nii-	(he) sees me	094.1ee1
92328	borong	(they) play	aoŋgolok	(they) play	094.1f5a
90575	dedua	(he) says	de-	(he) says	094.1e90
91961	dedua	lake	dzokoŋ	lake	094.1e71
90981	dedua	(he) sleeps	fe-	(he) sleeps	094.1f39
92157	dedua	(he) spits	sofok-	(he) spits	094.1e9f
90715	dedua	(he) stands	nan-	(he) stands	094.1df6
91583	dedua	(its) eye	kiwa	(its) eye	094.1eb8
90995	dedua	(he) eats	ne-	(he) eats	094.207f
92283	dedua	rope	witik	rope	
91009	dedua	(he) bites it	ki-	(he) bites it	094.1e5e
91765	dedua	(he) holds	me-	(he) holds	094.1e6a
90589	dedua	moon	afo	moon	
92353	dedua	work	ua	work	
91023	dedua	black	dzadzu	black	
91625	dedua	(its) bone	sir-	(its) bone	094.1f1a
90729	dedua	all	sasawa	all	094.1e32
92213	dedua	(his) brother	dar-	(his) brother	094.1e93
90519	dedua	that	yo	that	094.1edb
91527	dedua	(its) tooth	enar-	(its) tooth	
91037	dedua	green	ârâŋbârik	green	094.1ea3
91863	dedua	(he) digs	usu-	(he) digs	094.1eca
91051	dedua	white	koŋak	white	
92087	dedua	(its) breath	naka-	(its) breath	094.1dfb
90743	dedua	many	homak	many	
92367	dedua	spear	damu	spear	094.1e1e
91065	dedua	red	sak sak	red	
91975	dedua	(its) flower	ori-	(its) flower	094.1e04
90757	dedua	night	tofonak	night	
91485	dedua	(its) blood	sawa	(its) blood	094.1f5d
91079	dedua	yellow	dzagea	yellow	
92269	dedua	(she) sews	kpebi-	(she) sews	094.1f60
90603	dedua	round	orâŋ	round	094.1e8a
91681	dedua	where	dahae	where	
90477	dedua	we	nini	we	094.1f50
91779	dedua	(he) falls	ma-	(he) falls	094.1e21
91093	dedua	good	gombuŋa	good	
92101	dedua	(he) vomits	urun-	(he) vomits	
90771	dedua	long	herea	long	094.1def
91499	dedua	(his) hand	mari	(his) hand	094.1dfd
91107	dedua	hot	gerek	hot	094.1e44
92381	dedua	(he) blows	fifi-	(he) blows	094.354c
91121	dedua	new	gboria	new	094.1e87
91989	dedua	(its) fruit	forak-	(its) fruit	094.1e51
90533	dedua	this	I	this	094.1f04
91877	dedua	(he) cuts	herege-	(he) cuts	094.1f21
91135	dedua	(it is) dry	kereŋ-	(it is) dry	094.1deb
92227	dedua	(his) sister	nawiŋ-	(his) sister	
90785	dedua	big	kuneŋ	big	094.1e3e
91597	dedua	(its) skin	sebi-	(its) skin	094.1f17
90617	dedua	(it is) full	wake-	(it is) full	
92395	dedua	(it) swells	siwiŋe-	(it) swells	094.1edc
91149	dedua	cold	moteŋa	cold	094.1f44
91611	dedua	(its) head	fufu-	(its) head	
90491	dedua	who	moŋ	who	094.1f2a
92115	dedua	(he) laughs	dzomore-	(he) laughs	094.1f27
91163	dedua	(its) name	kiwa	(its) name	094.1e0b
91695	dedua	how	dafi	how	
90799	dedua	small	kapia	small	
92143	dedua	(he) cries	kiak-	(he) cries	
91177	dedua	not	mi	not	094.1f51
91793	dedua	(he) turns	meren-	(he) turns	094.1e66
90813	dedua	star	bâpiŋ	star	094.1e3a
91541	dedua	(its) foot	hani-	(its) foot	094.1e2d
91191	dedua	(it) burns	dza-	(it) burns	094.1e08
92129	dedua	(he) sucks	abere-	(he) sucks	
90463	dedua	thou	ge	thou	094.1e7f
90911	dedua	(its) fat	wokemaŋ-	(its) fat	094.1f56
91205	dedua	road	siŋ	road	fbc
91513	dedua	(its) tongue	nameŋ-	(its) tongue	094.1f49
90631	dedua	(his) knee	fakuruŋ-	(his) knee	
92255	dedua	(his) mother	neŋgak-	(his) mother	094.1f5c
90827	dedua	sun	wonak	sun	
92017	dedua	worm	gbosu	worm	094.1e0f
91219	dedua	water	doku	water	094.1f31
91807	dedua	(he) throws	wa-	(he) throws	094.1eab
91233	dedua	smoke	husuk	smoke	094.1f63
91709	dedua	and	ama	and	094.1e62
90645	dedua	(its) claw	boŋ-	(its) claw	094.1ef0
91891	dedua	some	go-	some	094.1ecd
91247	dedua	(he) hit him	kpe-	(he) hit him	094.1f2f
92339	dedua	clothing	kambaŋ	clothing	094.1de4
90841	dedua	cloud	kurumeŋ	cloud	
91821	dedua	(he) pulls	tae-	(he) pulls	
91261	dedua	(he) knows	negen-	(he) knows	
92003	dedua	stick	gbaru	stick	094.1e28
90547	dedua	one	mokgu	one	094.1ec7
91905	dedua	short	wegen	short	
91275	dedua	sand	moŋgeŋ	sand	094.1e99
91919	dedua	wind	firaŋ	wind	
90855	dedua	rain	kia	rain	094.1ed9
92297	dedua	(he) shoots	wedek-	(he) shoots	094.1f59
91289	dedua	stone	hok	stone	094.1e55
91723	dedua	there	edi	there	094.1e1a
90869	dedua	(its) belly	kera-	(its) belly	094.1f2c
91457	dedua	woman	ŋak	woman	094.1e2c
91303	dedua	mountain	tiki	mountain	094.1eb2
92045	dedua	animal	yaŋ	animal	094.1f3e
90659	dedua	breast	namu-	breast	094.1e96
92171	dedua	old	esea	old	
91317	dedua	ashes	hama	ashes	094.1e68
91835	dedua	(he) pushes	tuŋge-	(he) pushes	094.1ec3
90883	dedua	(its) nose	soge-	(its) nose	094.1f54
91639	dedua	he	ye	he	094.1ec0
91331	dedua	earth	bânek	earth	094.1e7c
91555	dedua	(its) tail	dzi-	(its) tail	094.1ecf
91345	dedua	(its) leaf	mari-	(its) leaf	
91933	dedua	sky	kurumeŋ	sky	094.1ef7
90449	dedua	I	ni	I	1746,094.1ea4
91737	dedua	right (side)	foi	right (side)	094.1e75
91359	dedua	tree	ik	tree	094.1f55
91471	dedua	man	ŋik	man	094.1e14
90897	dedua	(its) heart	woso honduŋ-	(its) heart	
92311	dedua	(he) counts	âso-	(he) counts	094.1e11
90673	dedua	(he) comes	ere-	(he) comes	094.1eef
92059	dedua	(its) back	nade-	(its) back	
91373	dedua	(its) root	gode-	(its) root	094.1e59
92241	dedua	(his) father	mam-	(his) father	094.4a8
90561	dedua	two	yohokaŋ	two	094.1e07
91667	dedua	they	yeni	they	094.1f0e
91387	dedua	(its) seed	honduŋ-	(its) seed	094.1e6f
92031	dedua	snake	bâidzok	snake	
90925	dedua	(its) neck	ube-	its neck	094.1f06
91947	dedua	dust	wondok	dust	
91401	dedua	(its) ear	hedza-	(its) ear	094.1ebc
91569	dedua	(its) meat	fusi-	(its) meat	094.1f13
90939	dedua	(its) hair	dzowe-	(its) hair	094.1f41
92185	dedua	warm	hâroŋa	warm	094.1f18
91415	dedua	louse	yomiŋ	louse	094.1e02
92073	dedua	(its) wing	kpegaŋ-	(its) wing	094.1ead
90505	dedua	what	dafi	what	094.1e4e
92199	dedua	dull	enarakpak	dull	
91429	dedua	dog	kasi	dog	094.1f4d
91751	dedua	left (side)	kana	left (side)	094.1e22
90687	dedua	(he) sits	tak-	(he) sits	094.1f0a
91849	dedua	(he) washes	dzuak-	(he) washes	094.1f35
90953	dedua	(he) dies	home-	(he) dies	094.1ef4
92325	dedua	(they) play	ariak	(they) play	094.1f5b
91443	dedua	bird	neŋ	bird	094.34a2
91653	dedua	ye	ŋeni	ye	094.1f1b
90701	dedua	(he) gives me	nen-	(he) gives me	094.1ed7
90967	dedua	(he) sees me	nen-	(he) sees me	094.1ee0
91632	kate	(its) bone	siec-	(its) bone	094.1f1a
90512	kate	what	wemo	what	094.1e4e
92080	kate	(its) wing	fakec-	(its) wing	
90974	kate	(he) sees me	honecnu-	(he) sees me	094.1edf
91492	kate	(its) blood	soc-	(its) blood	094.1f5d
90708	kate	(he) gives me	nare-	(he) gives me	094.1ed8
91968	kate	lake	dzâkâŋ	lake	094.1e71
90988	kate	(he) sleeps	fo-	(he) sleeps	094.1f39
91772	kate	(he) holds	ro-	(he) holds	094.1e6b
90456	kate	I	no	I	1746,094.1ea5
91590	kate	(its) eye	dzâŋe-	(its) eye	094.1eb9
91002	kate	(he) eats	nâ-	(he) eats	094.207f
91688	kate	where	wena	where	
90722	kate	(he) stands	doma-	(he) stands	094.1df7
91856	kate	(he) washes	dzure-	(he) washes	094.1f34
91016	kate	(he) bites it	ki-	(he) bites it	094.1e5e
92206	kate	dull	mic mâŋ	dull	
90582	kate	(he) says	mu-	(he) says	094.1e91
92276	kate	(she) sews	gbâtâ-	(she) sews	094.1f28
91030	kate	black	gâgâpâc	black	094.1e8e
92150	kate	(he) cries	kio-	(he) cries	
90736	kate	all	sasawa	all	094.1e32
92360	kate	work	gie	work	094.1e5b
91044	kate	green	ârâŋbâric	green	094.1ea3
92374	kate	spear	damu	spear	094.1e1e
90596	kate	moon	mosa	moon	094.1eed
91618	kate	(its) head	kpitsec-	(its) head	
91058	kate	white	kapŋ kapŋ	white	094.1e2e
91870	kate	(he) digs	wise-	(he) digs	094.1eca
91072	kate	red	bâbâroŋ	red	094.1e79
91716	kate	and	eme	and	094.1e62
90750	kate	many	bocyaha	many	094.1df3
91660	kate	ye	ŋoŋe	ye	094.1f1d
91086	kate	yellow	bâŋeŋne	yellow	094.1e36
92220	kate	(his) brother	hahac-	(his) brother	094.1e92
90764	kate	night	ŋafe	night	
91982	kate	(its) flower	âri-	(its) flower	094.1e04
91100	kate	good	biaŋne	good	
92108	kate	(he) vomits	maŋu-	(he) vomits	
91114	kate	hot	dzoc	hot	
92388	kate	(he) blows	ficne-	(he) blows	094.354c
90610	kate	round	orâŋ orâŋ	round	094.1e8a
91506	kate	(his) hand	me-	(his) hand	094.1de3
90778	kate	long	dzoricne	long	094.1df0
92234	kate	(his) sister	seŋ-	(his) sister	094.1eaa
91128	kate	new	gbâricne	new	094.1e87
91912	kate	short	bembeŋ	short	094.1f25
90526	kate	that	I	that	1275
92402	kate	(it) swells	siwiŋne-	(it) swells	094.1edc
91142	kate	(it is) dry	kereŋke-	(it is) dry	094.1deb
91786	kate	(he) falls	waha-	(he) falls	094.1e20
90792	kate	big	kâcgbene	big	
92248	kate	(his) father	mamac-	(his) father	094.4a8
91156	kate	cold	mâteŋne	cold	094.1f44
92010	kate	stick	gbaru	stick	094.1e28
90624	kate	(it is) full	fuse-	(it is) full	094.1ee4
92122	kate	(he) laughs	gâwie-	(he) laughs	094.1ee3
91170	kate	(its) name	dzâne-	(its) name	094.1e0a
91744	kate	right (side)	fâre	right (side)	094.1e73
91184	kate	not	mi	not	094.1f51
91674	kate	they	yaŋe	they	094.1f0c
90806	kate	small	piticne	small	
90918	kate	(its) fat	wokemaŋ	(its) fat	094.1f56
90540	kate	this	dzi	this	094.1f03
91548	kate	(its) foot	kike-	(its) foot	094.1e1c
91198	kate	(it) burns	dza-	(it) burns	094.1e08
92136	kate	(he) sucks	apuru-	(he) sucks	
90820	kate	star	bâpiŋ	star	094.1e3a
92262	kate	(his) mother	neŋgoc-	(his) mother	094.1f5c
91212	kate	road	hata	road	
91800	kate	(he) turns	bârisie-	(he) turns	094.1e65
91226	kate	water	opâ	water	
91520	kate	(its) tongue	nameŋ-	(its) tongue	094.1f49
90834	kate	sun	dzoaŋ	sun	2f20
92346	kate	clothing	kporuc	clothing	094.1de6
91240	kate	smoke	hosâc	smoke	094.1f63
92024	kate	worm	gbasu	worm	094.1e89
90638	kate	(his) knee	dieŋ	(his) knee	094.1e85
92290	kate	rope	muc	rope	
91254	kate	(he) hit him	kpa-	(he) hit him	094.1f2f
91898	kate	some	gâc-	some	094.1ecd
90848	kate	cloud	karorac	cloud	
92178	kate	old	raŋgbaŋ	old	094.1ef5
90470	kate	thou	go	thou	094.1e7f,1972
92164	kate	(he) spits	tâfec-	(he) spits	094.1e9f
91268	kate	(he) knows	mana-	(he) knows	094.1de8
91996	kate	(its) fruit	fâric-	(its) fruit	094.1e51
90652	kate	(its) claw	misiŋ-	(its) claw	
92038	kate	snake	homa	snake	094.1e27
91282	kate	sand	moŋgeŋ	sand	094.1e99
91814	kate	(he) throws	behe-	(he) throws	
91450	kate	bird	wipe	bird	
91730	kate	there	ocna	there	
91296	kate	stone	kpânâ	stone	
90484	kate	we	ŋâŋâc	we	094.1f4e
91464	kate	woman	ŋokac	woman	094.1e2c
91534	kate	(its) tooth	mic-	(its) tooth	
90862	kate	rain	hoe	rain	094.1ed9
91604	kate	(its) skin	sahac-	(its) skin	
90498	kate	who	moc	who	094.1f2a
91562	kate	(its) tail	gec-	(its) tail	
91310	kate	mountain	tiki	mountain	094.1eb2
91926	kate	wind	mâŋâŋ	wind	094.1eae
90876	kate	(its) belly	bu-	(its) belly	
92052	kate	animal	kpowi	animal	
91324	kate	ashes	dzafe	ashes	094.1e67
91828	kate	(he) pulls	fâre-	(he) pulls	094.1e00
90554	kate	one	mocyaha	one	094.1ec7
92094	kate	(its) breath	noka-	(its) breath	094.1dfb
91338	kate	earth	mâreŋ	earth	094.1e7d
91646	kate	he	e	he	094.1ec0
90666	kate	breast	moŋ-	breast	094.1e95
92318	kate	(he) counts	wose-	(he) counts	094.1e11
90890	kate	(its) nose	sâke-	(its) nose	094.1f54
92066	kate	(its) back	râpe-	(its) back	
91352	kate	(its) leaf	rehac-	(its) leaf	094.1ed4
91940	kate	sky	sambâŋ	sky	094.1ef8
91366	kate	tree	yâc	tree	094.1e9c
91842	kate	(he) pushes	tuŋke-	(he) pushes	094.1ec3
90904	kate	(its) heart	bu hândâŋ-	(its) heart	
92192	kate	warm	hâroŋne	warm	094.1f18
91478	kate	man	ŋic	man	094.1e14
91758	kate	left (side)	kpana	left (side)	094.1e22
91380	kate	(its) root	gâtâ-	(its) root	094.1e59
91884	kate	(he) cuts	hetâcne-	(he) cuts	
90680	kate	(he) comes	wefu-	(he) comes	
91702	kate	how	weniŋuc	how	
91394	kate	(its) seed	hândâŋ-	(its) seed	094.1e6f
92332	kate	(they) play	mamasiri-	(they) play	
91408	kate	(its) ear	hatsec-	(its) ear	094.1ebc
92304	kate	(he) shoots	muru-	(he) shoots	
90932	kate	(its) neck	upe-	its neck	094.1f06
91576	kate	(its) meat	bihuc-	(its) meat	094.1f12
90568	kate	two	yayahec	two	094.1e07
91954	kate	dust	gâc	dust	
91422	kate	louse	imeŋ	louse	094.1e02
90946	kate	(its) hair	dzâwâ-	(its) hair	094.1f41
91436	kate	dog	kpâto	dog	094.1f4b
90960	kate	(he) dies	hâmo-	(he) dies	094.1ef4
90694	kate	(he) sits	ŋe-	(he) sits	094.1f0b
91725	komba	there	ade	there	094.1e1a
90703	komba	(he) gives me	nih-	(he) gives me	094.1ed6
91627	komba	(its) bone	tân-	(its) bone	
90577	komba	(he) says	s-	(he) says	094.1e90
91655	komba	ye	zen	ye	094.1f1c
90983	komba	(he) sleeps	zi-	(he) sleeps	094.1f3c
92397	komba	(it) swells	suk-	(it) swells	094.1efe
90997	komba	(he) eats	ni-	(he) eats	094.207f
91809	komba	(he) throws	pan-	(he) throws	
90717	komba	(he) stands	kin-	(he) stands	094.1df5
92355	komba	work	nep	work	094.1e17
91011	komba	(he) bites it	zihi-	(he) bites it	094.1e5f
91823	komba	(he) pulls	oloŋ-	(he) pulls	094.1e83
91025	komba	black	sumun sumun	black	
91949	komba	dust	isak	dust	094.1f1f
90731	komba	all	aksik	all	25
91865	komba	(he) digs	keda-	(he) digs	094.1ec8
91039	komba	green	wâhân wâhân	green	
92271	komba	(she) sews	gare-	(she) sews	094.1f61
90591	komba	moon	kain	moon	094.1eeb
91977	komba	(its) flower	bâlo-	(its) flower	
91501	komba	(his) hand	bit-	(his) hand	094.1e78
91585	komba	(its) eye	si-	(its) eye	094.1eb7
91053	komba	white	kau kau	white	094.1e30
91739	komba	right (side)	bon	right (side)	094.1e77
90745	komba	many	biwirâ	many	094.1df2
91753	komba	left (side)	kane	left (side)	094.1e22
90521	komba	that	zo	that	094.1edb
92369	komba	spear	ligip	spear	094.1e9e
91067	komba	red	kuriŋ	red	094.1e7b
92341	komba	clothing	pet	clothing	094.1e13
91431	komba	dog	wau	dog	2e3c
91543	komba	(its) foot	ki-	(its) foot	094.1e1c
91081	komba	yellow	gibaŋ gibaŋ	yellow	094.1e33
91991	komba	(its) fruit	bon-	(its) fruit	094.1e53
90759	komba	night	ŋatik	night	
91711	komba	and	opŋâ	and	094.1e60
90605	komba	round	gawâŋ gawâŋ	round	094.1e8c
91599	komba	(its) skin	sâk-	(its) skin	094.1f16
91095	komba	good	âlipŋâ	good	094.1e5c
91683	komba	where	wanân	where	094.1eb1
90465	komba	thou	gâ	thou	094.1e7f
92383	komba	(he) blows	waa-	(he) blows	094.1f65
91109	komba	hot	kârâp	hot	094.1e43
92019	komba	worm	guk	worm	094.1e0f
90773	komba	long	kârep	long	094.1def
92229	komba	(his) sister	uru-	(his) sister	
91123	komba	new	irakŋâ	new	094.1e88
91781	komba	(he) falls	lokgi-	(he) falls	
91515	komba	(its) tongue	nâbâlam-	(its) tongue	094.1f48
91963	komba	lake	degân	lake	094.1e71
91137	komba	(it is) dry	ararâŋ-	(it is) dry	094.1dec
92145	komba	(he) cries	isi-	(he) cries	094.1efb
90787	komba	big	patâ	big	094.1e3f
92103	komba	(he) vomits	mohat-	(he) vomits	094.1e45
91151	komba	cold	pâteŋ	cold	
91879	komba	(he) cuts	mânâga-	(he) cuts	
90619	komba	(it is) full	pik-	(it is) full	094.1ee7
92243	komba	(his) father	iwâ-	(his) father	094.1eff
91417	komba	louse	imen	louse	094.1e02
91613	komba	(its) head	kauk-	(its) head	094.1e4c
91165	komba	(its) name	kut-	(its) name	094.1e09
92117	komba	(he) laughs	girâŋ-	(he) laughs	094.1ede
90801	komba	small	mâiktâ	small	10cf
92005	komba	stick	kabam	stick	094.1e29
90535	komba	this	zi	this	094.1f03
90913	komba	(its) fat	kelâk-	(its) fat	094.1f57
91179	komba	not	mâ	not	094.1f51
91795	komba	(he) turns	purik-	(he) turns	094.1e64
91193	komba	(it) burns	si-	(it) burns	094.1e08
92089	komba	(its) breath	yaak	(its) breath	
90815	komba	star	segelak	star	094.1e3b
92215	komba	(his) brother	ata-	(his) brother	094.1e94
90633	komba	(his) knee	simin-	(his) knee	094.1e84
92131	komba	(he) sucks	musuku-	(he) sucks	094.1e82
91207	komba	road	mâtâp	road	fb2
91893	komba	some	nâbut-	some	094.1ecc
91445	komba	bird	ni	bird	34a2
91697	komba	how	ikâi azo	how	
90493	komba	who	ŋâi	who	1cab
92257	komba	(his) mother	mam-	(his) mother	094.1e23
91221	komba	water	to	water	094.1f32
91767	komba	(he) holds	mi-	(he) holds	094.1e6a
90829	komba	sun	mirâsiŋ	sun	
91907	komba	short	târâp-	short	094.1f24
91459	komba	woman	abân	woman	094.1e2b
91921	komba	wind	berom	wind	094.1ecb
91249	komba	(he) hit him	ku-	(he) hit him	094.1f2d
92201	komba	dull	palâmŋâ	dull	094.1f3f
90843	komba	cloud	sasa	cloud	325
92299	komba	(he) shoots	zer-	(he) shoots	094.1f58
90647	komba	(its) claw	pakit-	(its) claw	094.1ef1
92173	komba	old	sobâ	old	094.1ec2
91235	komba	smoke	mudo	smoke	
92033	komba	snake	mulum	snake	1111
91263	komba	(he) knows	naga-	(he) knows	094.1de9
91641	komba	he	zâk	he	094.1ebf
91529	komba	(its) tooth	sât-	(its) tooth	094.1f5e
92159	komba	(he) spits	tâp-	(he) spits	094.1ea1
91277	komba	sand	sak	sand	094.1e98
92313	komba	(he) counts	sâlâpku-	(he) counts	094.1e10
90857	komba	rain	map	rain	094.1eda
92047	komba	animal	zu	animal	094.1f64
90549	komba	one	kânok	one	094.1ec4
91935	komba	sky	subem	sky	094.1efa
91291	komba	stone	kât	stone	094.1e54
92187	komba	warm	uruk uruk	warm	094.1f19
91305	komba	mountain	bakŋa	mountain	
91837	komba	(he) pushes	maati-	(he) pushes	
90871	komba	(its) belly	tip-	(its) belly	094.1f2e
92061	komba	(its) back	kâdât-	(its) back	094.1e39
90661	komba	breast	nam-	breast	094.1e96
92075	komba	(its) wing	awât-	(its) wing	
91557	komba	(its) tail	daa-	(its) tail	094.1ecf
91669	komba	they	zâk	they	094.1f11
91319	komba	ashes	kau	ashes	094.1e69
92285	komba	rope	tâk	rope	094.1e0d
91473	komba	man	a	man	094.1e15
91851	komba	(he) washes	sâgon-	(he) washes	094.1f36
91333	komba	earth	an	earth	094.1e7e
92327	komba	(they) play	sero	(they) play	
90885	komba	(its) nose	sâgân-	(its) nose	094.1f53
91347	komba	(its) leaf	iin-	(its) leaf	094.1ed5
91389	komba	(its) seed	keet-	(its) seed	094.1e6c
90451	komba	I	nâ	I	094.1ea5
91361	komba	tree	nak	tree	094.1e9a
90899	komba	(its) heart	kabiam-	(its) heart	094.1f33
91375	komba	(its) root	âdâŋ-	(its) root	094.1e5a
90675	komba	(he) comes	ga-	(he) comes	094.1eee
90927	komba	(its) neck	gâdu-	its neck	
91571	komba	(its) meat	sunum-	(its) meat	094.1f14
90563	komba	two	zâhât	two	094.1e06
91403	komba	(its) ear	kidap-	(its) ear	094.1ebc
90941	komba	(its) hair	sâmot-	(its) hair	094.1f42
90689	komba	(he) sits	ta-	(he) sits	094.1f0a
90507	komba	what	wan	what	094.1e4f
90955	komba	(he) dies	mu-	(he) dies	34a7,094.1ef3
91487	komba	(its) blood	sep-	(its) blood	094.1f5d
90479	komba	we	nen	we	094.1f50
90969	komba	(he) sees me	nek-	(he) sees me	094.1ee2
91899	kube	some	tose-	some	094.1ece
90919	kube	(its) fat	harek	(its) fat	094.1f57
92347	kube	clothing	obo	clothing	094.1de4
90975	kube	(he) sees me	ni-	(he) sees me	094.1ee1
92067	kube	(its) back	gemagi-	(its) back	094.1e38
90709	kube	(he) gives me	nen-	(he) gives me	094.1ed7
91857	kube	(he) washes	dzuak-	(he) washes	094.1f35
90513	kube	what	nemak	what	094.1e4d
91829	kube	(he) pulls	fegle-	(he) pulls	
90989	kube	(he) sleeps	fe-	(he) sleeps	094.1f39
92361	kube	work	ai	work	
91003	kube	(he) eats	ne-	(he) eats	094.207f
91997	kube	(its) fruit	fer-	(its) fruit	094.1e51
90583	kube	(he) says	dze-	(he) says	094.1e90
92151	kube	(he) cries	siak-	(he) cries	094.1ef9
90723	kube	(he) stands	nan-	(he) stands	094.1df6
91871	kube	(he) digs	oro-	(he) digs	
91017	kube	(he) bites it	ki-	(he) bites it	094.1e5e
91773	kube	(he) holds	me-	(he) holds	094.1e6a
91591	kube	(its) eye	kiwa	(its) eye	094.1eb8
92333	kube	(they) play	agliak	(they) play	094.1f5b
91493	kube	(its) blood	sawa	(its) blood	094.1f5d
92221	kube	(his) brother	dar-	(his) brother	094.1e93
91031	kube	black	dzapera	black	094.1e8d
91675	kube	they	iŋeŋ	they	094.1f0d
90737	kube	all	mokdzoŋ	all	
92389	kube	(he) blows	fi-	(he) blows	094.354c
91045	kube	green	gerik meria	green	
92109	kube	(he) vomits	ron-	(he) vomits	094.1e46
91059	kube	white	rarak	white	094.1e1b
92123	kube	(he) laughs	desi-	(he) laughs	
90597	kube	moon	komoŋ	moon	094.1eec
92165	kube	(he) spits	sofok-	(he) spits	094.1e9f
91507	kube	(his) hand	meri-	(his) hand	094.1dfd
91969	kube	lake	dzekeŋ	lake	094.1e71
90751	kube	many	sasara	many	094.1df4
92095	kube	(its) breath	wesese	(its) breath	094.1df9
91073	kube	red	pesia	red	094.1e7a
92277	kube	(she) sews	kpewi-	(she) sews	094.1f60
91087	kube	yellow	gbaok gbaok	yellow	094.1e35
92137	kube	(he) sucks	bitsi-	(he) sucks	094.1ef2
90765	kube	night	siŋi	night	094.1e40
92319	kube	(he) counts	oron-	(he) counts	094.1e12
90485	kube	we	nini	we	094.1f50
91745	kube	right (side)	foi	right (side)	094.1e75
91101	kube	good	fia	good	094.1e5d
92193	kube	warm	fokŋea	warm	
91605	kube	(its) skin	sewira	(its) skin	094.1f17
92263	kube	(his) mother	neŋge-	(his) mother	094.1f5c
90527	kube	that	yo	that	094.1edb
91955	kube	dust	iwai	dust	094.1f1e
90611	kube	round	rerek rerek	round	094.1e8b
91717	kube	and	waŋu	and	094.1e61
91115	kube	hot	gerik	hot	094.1e44
91731	kube	there	eri	there	094.1e1a
90779	kube	long	horua	long	094.1def
92025	kube	worm	gbosu	worm	094.1e0f
91129	kube	new	gberia	new	094.1e87
92081	kube	(its) wing	kpegan-	(its) wing	094.1ead
91143	kube	(it is) dry	irege-	(it is) dry	
91815	kube	(he) throws	wai-	(he) throws	094.1eab
90793	kube	big	kuneŋ	big	094.1e3e
91703	kube	how	deik	how	
91157	kube	cold	sageŋa	cold	094.1f43
92039	kube	snake	mokoreŋ	snake	094.1e26
90625	kube	(it is) full	koia kpe-	(it is) full	094.1ee5
92207	kube	dull	dzirakpahak	dull	094.1ee8
91171	kube	(its) name	kiwa	(its) name	094.1e0b
91759	kube	left (side)	kana	left (side)	094.1e22
91521	kube	(its) tongue	edzeraŋ-	(its) tongue	094.1f48
92235	kube	(his) sister	naoŋ-	(his) sister	094.1ea9
90891	kube	(its) nose	sere-	(its) nose	
92053	kube	animal	yaŋ	animal	094.1f3e
90807	kube	small	komoga	small	094.1dee
92249	kube	(his) father	maŋgi-	(his) father	
91619	kube	(its) head	ogu-	(its) head	
91787	kube	(he) falls	ma-	(he) falls	094.1e21
91185	kube	not	munda	not	094.1e72
91885	kube	(he) cuts	heri-	(he) cuts	094.1f21
91199	kube	(it) burns	dze-	(it) burns	094.1e08
92291	kube	rope	hisa	rope	094.1e0e
91451	kube	bird	nei	bird	094.34a2
91913	kube	short	hotoŋ	short	094.1f08
90821	kube	star	sikiru	star	094.1e3b
91983	kube	(its) flower	dzuri-	(its) flower	094.1e04
91213	kube	road	hena	road	094.1f66
91941	kube	sky	kuglumeŋ	sky	094.1ef7
90541	kube	this	I	this	094.1f04
92179	kube	old	wahara	old	094.1ebe
91227	kube	water	doku	water	094.1f31
91801	kube	(he) turns	meren-	(he) turns	094.1e66
90835	kube	sun	kaiwe	sun	094.1e4a
91549	kube	(its) foot	heni-	(its) foot	094.1e2d
91241	kube	smoke	hofak	smoke	094.1f63
91843	kube	(he) pushes	igokge-	(he) pushes	
91255	kube	(he) hit him	kpe-	(he) hit him	094.1f2f
92403	kube	(it) swells	boŋge-	(it) swells	094.1f09
90457	kube	I	ni	I	1746,094.1ea4
91689	kube	where	dimia	where	094.1eaf
90849	kube	cloud	hosesu	cloud	094.1dfe
92375	kube	spear	regik	spear	094.1e9e
91269	kube	(he) knows	nin-	(he) knows	094.1de7
92011	kube	stick	gbaru	stick	094.1e28
90639	kube	(his) knee	simiŋ-	(his) knee	094.1e84
91927	kube	wind	rufuk	wind	094.1eac
90933	kube	(its) neck	ebasigla	its neck	
92305	kube	(he) shoots	wirik-	(he) shoots	094.1f59
91535	kube	(its) tooth	dzegl-	(its) tooth	094.1f5e
91563	kube	(its) tail	dzi-	(its) tail	094.1ecf
91283	kube	sand	sakesa	sand	094.1e98
91633	kube	(its) bone	sigl-	(its) bone	094.1f1a
90653	kube	(its) claw	boŋsewe-	(its) claw	094.1ef0
90471	kube	thou	gi	thou	094.1e80
90863	kube	rain	kia	rain	094.1ed9
91297	kube	stone	gokmea	stone	
90499	kube	who	moŋ	who	094.1f2a
91311	kube	mountain	boŋa	mountain	094.1eb4
91465	kube	woman	embak	woman	094.1e2b
90877	kube	(its) belly	tomeŋ-	(its) belly	
90555	kube	one	momakgu	one	094.1ec7
91325	kube	ashes	homa	ashes	094.1e68
91647	kube	he	I	he	094.1ec0
90667	kube	breast	namu-	breast	094.1e96
91339	kube	earth	baek	earth	094.1e7c
91353	kube	(its) leaf	hareŋ-	(its) leaf	094.1ed3
91367	kube	tree	ik	tree	094.1f55
90905	kube	(its) heart	webogokme-	(its) heart	
91381	kube	(its) root	gete-	(its) root	094.1e59
90681	kube	(he) comes	ere-	(he) comes	094.1eef
91395	kube	(its) seed	gokme-	(its) seed	
91409	kube	(its) ear	gedza-	(its) ear	094.1ebc
91479	kube	man	ik	man	094.1e14
91661	kube	ye	ini	ye	094.1f1b
91423	kube	louse	imin	louse	094.1e02
90947	kube	(its) hair	dzu-	(its) hair	094.1f40
91437	kube	dog	kadzu	dog	094.1f4d
90569	kube	two	rehek	two	094.1e06
90695	kube	(he) sits	tak-	(he) sits	094.1f0a
90961	kube	(he) dies	humu-	(he) dies	094.1ef4
91577	kube	(its) meat	busi-	(its) meat	094.1f13
92204	mape	dull	kimâŋine	dull	
90972	mape	(he) sees me	ŋonenu-	(he) sees me	094.1edf
92274	mape	(she) sews	gbâru-	(she) sews	094.1f28
90706	mape	(he) gives me	nare-	(he) gives me	094.1ed8
92078	mape	(its) wing	gbewâ-	(its) wing	
90986	mape	(he) sleeps	kpe-	(he) sleeps	
92260	mape	(his) mother	naŋgo-	(his) mother	094.1f5c
91672	mape	they	yaŋa	they	094.1f0c
92162	mape	(he) spits	tifak-	(he) spits	094.1e9f
90510	mape	what	wamo	what	094.1e4e
92386	mape	(he) blows	pute-	(he) blows	
90580	mape	(he) says	mi-	(he) says	094.1e91
91896	mape	some	gâ-	some	094.1ecd
91000	mape	(he) eats	na-	(he) eats	094.207f
92218	mape	(his) brother	kaka-	(his) brother	094.1e92
90720	mape	(he) stands	dimi-	(he) stands	094.1df7
91826	mape	(he) pulls	furuga-	(he) pulls	094.1e00
91014	mape	(he) bites it	ki-	(he) bites it	094.1e5e
92092	mape	(its) breath	naka-	(its) breath	094.1dfb
91588	mape	(its) eye	dziŋâ-	(its) eye	094.1eb9
92148	mape	(he) cries	kuee-	(he) cries	
91028	mape	black	gâgâwuk	black	094.1e8e
92190	mape	warm	koroŋine	warm	094.1f18
90734	mape	all	sâsâwâ	all	094.1e32
92344	mape	clothing	kporu	clothing	094.1de6
91042	mape	green	buge	green	
92400	mape	(it) swells	siwiŋ-	(it) swells	094.1edc
90594	mape	moon	mosa	moon	094.1eed
91980	mape	(its) flower	âri-	(its) flower	094.1e04
91434	mape	dog	kporo	dog	094.1f4b
92316	mape	(he) counts	âse-	(he) counts	094.1e11
91056	mape	white	kapŋ kapŋ	white	094.1e2e
92022	mape	worm	gbâsu	worm	094.1e0f
90748	mape	many	boiaha	many	094.1df3
92232	mape	(his) sister	seŋ-	(his) sister	094.1eaa
91686	mape	where	uroo	where	
91994	mape	(its) fruit	fâik-	(its) fruit	094.1e51
90482	mape	we	ŋâŋu	we	094.1f4e
91938	mape	sky	sambâŋgo	sky	094.1ef8
91070	mape	red	bâbâroŋ	red	094.1e79
91798	mape	(he) turns	perisie-	(he) turns	094.1e65
91084	mape	yellow	boboŋeŋ	yellow	094.1e36
91882	mape	(he) cuts	ketikga-	(he) cuts	
90524	mape	that	â	that	
92330	mape	(they) play	masiriga-	(they) play	
90762	mape	night	uwu	night	
90916	mape	(its) fat	widzi-	(its) fat	
91504	mape	(his) hand	me-	(his) hand	094.1de3
91854	mape	(he) washes	kedzure-	(he) washes	094.1f34
91098	mape	good	fiine	good	094.1e5d
91840	mape	(he) pushes	tuŋga-	(he) pushes	094.1ec3
90608	mape	round	oorâŋ	round	094.1e8a
92008	mape	stick	gbaru	stick	094.1e28
91112	mape	hot	foro	hot	
92302	mape	(he) shoots	iga-	(he) shoots	
91602	mape	(its) skin	mâdzu-	(its) skin	
91868	mape	(he) digs	use-	(he) digs	094.1eca
90776	mape	long	dzoraikne	long	094.1df0
92134	mape	(he) sucks	mudugaa-	(he) sucks	
91126	mape	new	gbâine	new	094.1e87
92106	mape	(he) vomits	giwu-	(he) vomits	
91140	mape	(it is) dry	dziga-	(it is) dry	
91966	mape	lake	dzâgâŋ	lake	094.1e71
91700	mape	how	uriŋu	how	
92246	mape	(his) father	mama-	(his) father	094.4a8
90790	mape	big	yasogo	big	
91784	mape	(he) falls	waki-	(he) falls	094.1e20
90454	mape	I	no	I	1746,094.1ea5
92064	mape	(its) back	ŋari-	(its) back	
91154	mape	cold	mâteŋne	cold	094.1f44
91924	mape	wind	mâŋuŋ	wind	094.1eae
91616	mape	(its) head	kpâru-	(its) head	
91910	mape	short	bembeŋ	short	094.1f25
90622	mape	(it is) full	fuse-	(it is) full	094.1ee4
91952	mape	dust	yak	dust	
91168	mape	(its) name	dziŋâ-	(its) name	094.1e0a
91546	mape	(its) foot	kigâ-	(its) foot	094.1e1c
91518	mape	(its) tongue	erâŋ-	(its) tongue	
92050	mape	animal	dzomak	animal	
90804	mape	small	mendakne	small	
92036	mape	snake	kobeŋ	snake	
90468	mape	thou	go	thou	1972,094.1e7f
92372	mape	spear	dzigâ	spear	
91280	mape	sand	mageŋ	sand	094.1e99
91812	mape	(he) throws	wâke-	(he) throws	
91182	mape	not	so	not	
92120	mape	(he) laughs	gowee-	(he) laughs	094.1ee3
91196	mape	(it) burns	dza-	(it) burns	094.1e08
92176	mape	old	raŋgbaŋ	old	094.1ef5
90538	mape	this	âi	this	
92288	mape	rope	niŋgiŋ	rope	
91714	mape	and	eme	and	094.1e62
92358	mape	work	giâ	work	094.1e5b
91448	mape	bird	wârâ	bird	
91770	mape	(he) holds	ro-	(he) holds	094.1e6b
90818	mape	star	bâpiŋ	star	094.1e3a
91210	mape	road	kari	road	fc1
90636	mape	(his) knee	dieŋ	(his) knee	094.1e85
91224	mape	water	owu	water	094.1f26
90832	mape	sun	wegi	sun	
91238	mape	smoke	kosâk	smoke	094.1f63
91462	mape	woman	ŋigok	woman	094.1e2c
91252	mape	(he) hit him	kpa-	(he) hit him	094.1f2f
90650	mape	(its) claw	yuyuŋ-	(its) claw	
91490	mape	(its) blood	dari-	(its) blood	
90496	mape	who	moc	who	094.1f2a
91266	mape	(he) knows	mane-	(he) knows	094.1de8
91532	mape	(its) tooth	misiâ-	(its) tooth	
90846	mape	cloud	gâweŋ	cloud	
91630	mape	(its) bone	siak-	(its) bone	094.1f1a
91644	mape	he	I	he	094.1ec0
90860	mape	rain	kue	rain	195c,094.1ed9
91728	mape	there	aroo	there	
91294	mape	stone	kâk	stone	094.1e55
91308	mape	mountain	tiki	mountain	094.1eb2
90874	mape	(its) belly	ata-	(its) belly	
90664	mape	breast	moŋ-	breast	094.1e95
91336	mape	earth	mâreŋ	earth	094.1e7d
91560	mape	(its) tail	dzi-	(its) tail	094.1ecf
90888	mape	(its) nose	sikâ-	(its) nose	094.1f54
91350	mape	(its) leaf	rekak-	(its) leaf	094.1ed4
91476	mape	man	ŋik	man	094.1e14
91742	mape	right (side)	fâre	right (side)	094.1e73
91364	mape	tree	yâk	tree	094.1e9c
91322	mape	ashes	dzafe	ashes	094.1e67
90902	mape	(its) heart	maki kâruŋ-	(its) heart	
91392	mape	(its) seed	fâŋâŋ-	(its) seed	
90930	mape	(its) neck	ube-	its neck	094.1f06
90678	mape	(he) comes	wape-	(he) comes	
91406	mape	(its) ear	kadze-	(its) ear	094.1ebc
91378	mape	(its) root	gâru-	(its) root	094.1e59
91420	mape	louse	imeŋ	louse	094.1e02
90566	mape	two	yoyokak	two	094.1e07
90944	mape	(its) hair	kaŋdzaŋ-	(its) hair	
91574	mape	(its) meat	biu-	(its) meat	094.1f12
90552	mape	one	mokotonŋ	one	
91756	mape	left (side)	kpana	left (side)	094.1e22
90692	mape	(he) sits	ŋe-	(he) sits	094.1f0b
91658	mape	ye	ŋoŋai	ye	094.1f1d
90958	mape	(he) dies	kâme-	(he) dies	094.1ef4
92240	mesem	(his) father	bip-	(his) father	094.1efd
90476	mesem	we	nį	we	094.1f50
91960	mesem	lake	ləm	lake	094.1ec1
91288	mesem	stone	nandza	stone	094.1e56
92296	mesem	(he) shoots	osə-	(he) shoots	
90574	mesem	(he) says	dzə-	(he) says	094.1e90
92086	mesem	(its) breath	andagəsa	(its) breath	
91764	mesem	(he) holds	waŋga-	(he) holds	
92100	mesem	(he) vomits	nua-	(he) vomits	
90980	mesem	(he) sleeps	we-	(he) sleeps	094.1f3b
92170	mesem	old	kpən	old	
90994	mesem	(he) eats	nin-	(he) eats	094.207f
92394	mesem	(it) swells	simen-	(it) swells	094.1f01
91582	mesem	(its) eye	dzi-	(its) eye	094.1eb7
92324	mesem	(they) play	dzəgodzə	(they) play	
90714	mesem	(he) stands	ta-	(he) stands	094.1df8
92366	mesem	spear	ani	spear	
90952	mesem	(he) dies	fəki-	(he) dies	094.1ef6
92156	mesem	(he) spits	dzətupa-	(he) spits	
90462	mesem	thou	gą	thou	094.1e7f
92016	mesem	worm	gọ	worm	094.1f45
91008	mesem	(he) bites it	ye-	(he) bites it	
91988	mesem	(its) fruit	kpən-	(its) fruit	094.1e52
91022	mesem	black	səmbopm	black	
92114	mesem	(he) laughs	yəyən-	(he) laughs	
90728	mesem	all	pəsəkpep	all	
91904	mesem	short	dandzi	short	
90588	mesem	moon	əyoŋga	moon	094.1eea
91862	mesem	(he) digs	lo-	(he) digs	
91036	mesem	green	kokŋ̣	green	
92282	mesem	rope	tək	rope	094.1e0d
90448	mesem	I	ną	I	094.1ea5
92268	mesem	(she) sews	osə-	(she) sews	
90518	mesem	that	mei	that	094.1e18
91918	mesem	wind	təgə	wind	094.1ebd
91778	mesem	(he) falls	kao-	(he) falls	
91890	mesem	some	but-	some	
91050	mesem	white	sagatṇ	white	094.1e31
92226	mesem	(his) sister	lip-	(his) sister	094.1ea6
90742	mesem	many	kirisi	many	094.1df1
91946	mesem	dust	wanawana	dust	
91680	mesem	where	dene	where	094.1eb0
92030	mesem	snake	asį	snake	
91498	mesem	(his) hand	bət-	(his) hand	094.1e78
91876	mesem	(he) cuts	lanti-	(he) cuts	
91064	mesem	red	kukŋ̣	red	
91974	mesem	(its) flower	dzolman	(its) flower	094.1e04
91596	mesem	(its) skin	sək-	(its) skin	094.1f16
92184	mesem	warm	kipkipṃ	warm	094.1f47
91078	mesem	yellow	alaŋ	yellow	094.1e37
92128	mesem	(he) sucks	bəsə-	(he) sucks	094.1e70
90756	mesem	night	mimba	night	
92352	mesem	work	nu	work	094.1e17
90602	mesem	round	waragən	round	
92212	mesem	(his) brother	dat-	(his) brother	094.1e93
91092	mesem	good	saŋgam	good	
90910	mesem	(its) fat	kerək-	(its) fat	094.1f57
91106	mesem	hot	tedzi	hot	094.1e42
92142	mesem	(he) cries	sisu-	(he) cries	094.1efc
90770	mesem	long	kepṃ	long	
91540	mesem	(its) foot	kət-	(its) foot	
91694	mesem	how	disi	how	
92058	mesem	(its) back	beset-	(its) back	
91624	mesem	(its) bone	siet-	(its) bone	094.1f1a
92002	mesem	stick	onze	stick	
91120	mesem	new	gorəŋ	new	
92380	mesem	(he) blows	orati-	(he) blows	
91610	mesem	(its) head	nok-	(its) head	
92044	mesem	animal	dzi	animal	094.1f64
91134	mesem	(it is) dry	alaŋgə-	(it is) dry	094.1dec
92198	mesem	dull	kokŋ̣ kpiəkṇ	dull	
90784	mesem	big	kəitṇ	big	
92254	mesem	(his) mother	mam-	(his) mother	094.1e23
90686	mesem	(he) sits	ta-	(he) sits	094.1f0a
92072	mesem	(its) wing	kpogo	(its) wing	
91512	mesem	(its) tongue	nambalaŋ-	(its) tongue	094.1f48
91932	mesem	sky	nombə	sky	
90616	mesem	(it is) full	dzədzə ko-	(it is) full	094.1f22
92338	mesem	clothing	na	clothing	094.1e03
91148	mesem	cold	takəŋ	cold	
92310	mesem	(he) counts	usun-	(he) counts	
90532	mesem	this	wi	this	
91162	mesem	(its) name	kot-	(its) name	094.1e09
91708	mesem	and	mimbi	and	
90798	mesem	small	namzi	small	
90854	mesem	rain	ma	rain	094.1eda
91176	mesem	not	kəm	not	
90490	mesem	who	ala	who	094.1f2b
91190	mesem	(it) burns	dzi-	(it) burns	094.1e08
90812	mesem	star	dzəmərindzə	star	
90630	mesem	(his) knee	kpekakpatə-	(his) knee	
91204	mesem	road	kə	road	094.1f66
91218	mesem	water	tu	water	094.1f32
90826	mesem	sun	kəsu	sun	
91526	mesem	(its) tooth	dzət-	(its) tooth	094.1f5e
91232	mesem	smoke	kEsE	smoke	094.1f63
90924	mesem	(its) neck	andeŋ	its neck	094.1f05
90840	mesem	cloud	kumbu	cloud	
91638	mesem	he	lə	he	094.1ebf
90644	mesem	(its) claw	dziŋgəŋgəŋ-	(its) claw	
91246	mesem	(he) hit him	kun-	(he) hit him	094.1f2d
91260	mesem	(he) knows	niŋge-	(he) knows	094.1de9
90546	mesem	one	kpedzi	one	094.1ec5
91456	mesem	woman	imbi	woman	094.1e2b
91274	mesem	sand	gaŋa	sand	
91806	mesem	(he) throws	kətipe-	(he) throws	094.1edd
91554	mesem	(its) tail	dak-	(its) tail	094.1ed0
91722	mesem	there	inda	there	094.1e1a
91820	mesem	(he) pulls	menda-	(he) pulls	094.1dff
91736	mesem	right (side)	pana	right (side)	094.1e76
91792	mesem	(he) turns	giridzə-	(he) turns	094.1e63
91750	mesem	left (side)	kana	left (side)	094.1e22
91302	mesem	mountain	kalaŋ	mountain	094.1eb6
90868	mesem	(its) belly	tip-	(its) belly	094.1f2e
91400	mesem	(its) ear	bəbət-	(its) ear	
90658	mesem	breast	nam-	breast	094.1e96
91316	mesem	ashes	dzita	ashes	
91330	mesem	earth	misa	earth	094.1e81
90882	mesem	(its) nose	siŋgeŋ	(its) nose	
91344	mesem	(its) leaf	sin-	(its) leaf	094.1ed5
91834	mesem	(he) pushes	otəgə-	(he) pushes	
91470	mesem	man	ą	man	094.1e15
91358	mesem	tree	tə	tree	094.1e9b
90896	mesem	(its) heart	wembə kət-	(its) heart	
91666	mesem	they	lene	they	094.1f10
90672	mesem	(he) comes	ko-	(he) comes	1eee
91372	mesem	(its) root	kindiri-	(its) root	094.1e58
90560	mesem	two	dzeba	two	
91386	mesem	(its) seed	kət-	(its) seed	094.1e6e
90504	mesem	what	wana	what	094.1e4f
91568	mesem	(its) meat	mirik-	(its) meat	
91414	mesem	louse	ləm	louse	
90938	mesem	(its) hair	dzup-	(its) hair	094.1f40
91848	mesem	(he) washes	əli-	(he) washes	
91652	mesem	ye	lį	ye	094.1f1b
91428	mesem	dog	tą	dog	094.1f4a
91484	mesem	(its) blood	sip-	(its) blood	094.1f5d
91442	mesem	bird	lau	bird	094.1f68
90966	mesem	(he) sees me	nəgəi-	(he) sees me	
90700	mesem	(he) gives me	naka-	(he) gives me	
92181	nabak	old	ŋokŋ	old	
91719	nabak	and	ɔpme	and	094.1e60
92139	nabak	(he) sucks	bəsəi-	(he) sucks	094.1e70
91677	nabak	they	ək	they	094.1f11
91985	nabak	(its) flower	kət-	(its) flower	
91509	nabak	(his) hand	bet-	(his) hand	094.1e78
92209	nabak	dull	kugepin	dull	
91859	nabak	(he) washes	dzurudzi-	(he) washes	
92055	nabak	animal	soŋgo	animal	094.1f38
90977	nabak	(he) sees me	ni-	(he) sees me	094.1ee1
92293	nabak	rope	dze	rope	
90711	nabak	(he) gives me	nai-	(he) gives me	
92069	nabak	(its) back	bam-	(its) back	
90935	nabak	(its) neck	ŋande-	its neck	094.1f05
90921	nabak	(its) fat	kerak-	(its) fat	094.1f57
90991	nabak	(he) sleeps	we-	(he) sleeps	094.1f3b
91999	nabak	(its) fruit	kpənəŋ-	(its) fruit	094.1e52
91761	nabak	left (side)	kanen	left (side)	094.1e22
92321	nabak	(he) counts	makundzi-	(he) counts	
91005	nabak	(he) eats	ni-	(he) eats	094.207f
92405	nabak	(it) swells	səme-	(it) swells	094.1f01
91495	nabak	(its) blood	sip-	(its) blood	094.1f5d
92041	nabak	snake	nombe	snake	094.1e25
90515	nabak	what	pitne	what	
91551	nabak	(its) foot	set-	(its) foot	
90585	nabak	(he) says	dzei-	(he) says	094.1e90
92307	nabak	(he) shoots	arai-	(he) shoots	
90725	nabak	(he) stands	ta-	(he) stands	094.1df8
92111	nabak	(he) vomits	okdzi-	(he) vomits	
91019	nabak	(he) bites it	i-	(he) bites it	094.1e5f
92265	nabak	(his) mother	mam-	(his) mother	094.1e23
91033	nabak	black	sopməŋ	black	
92377	nabak	spear	ŋəlip	spear	
90655	nabak	(its) claw	pəluk-	(its) claw	
92335	nabak	(they) play	kpep	(they) play	
91873	nabak	(he) digs	kiŋgadzi-	(he) digs	
92391	nabak	(he) blows	kumbu-	(he) blows	
90739	nabak	all	ilinsakpep	all	
92363	nabak	work	murup	work	
91691	nabak	where	den	where	094.1eb0
92083	nabak	(its) wing	pɔp-	(its) wing	
91047	nabak	green	araŋəŋ	green	
92237	nabak	(his) sister	ip-	(his) sister	094.1ea6
91593	nabak	(its) eye	dzi-	(its) eye	094.1eb7
92125	nabak	(he) laughs	yəindzi-	(he) laughs	
91775	nabak	(he) holds	mi-	(he) holds	094.1e6a
92167	nabak	(he) spits	dzawak-	(he) spits	
91061	nabak	white	satnəŋ	white	094.1e31
92195	nabak	warm	kipməŋ	warm	094.1f47
90599	nabak	moon	eyoŋge	moon	094.1eea
92349	nabak	clothing	nap	clothing	094.1e03
90753	nabak	many	kilisik	many	094.1df1
92097	nabak	(its) breath	emetək	(its) breath	
91075	nabak	red	ŋaməŋ	red	
92279	nabak	(she) sews	ou-	(she) sews	
90487	nabak	we	nin	we	1abc,094.1f50
92223	nabak	(his) brother	dat-	(his) brother	094.1e93
91089	nabak	yellow	araraŋ	yellow	094.1e37
92013	nabak	stick	wandzom	stick	
91453	nabak	bird	aga	bird	
92153	nabak	(he) cries	su-	(he) cries	094.1efc
90767	nabak	night	təmbuyat	night	
92027	nabak	worm	gbik	worm	094.1f46
91887	nabak	(he) cuts	eti-	(he) cuts	
91971	nabak	lake	ləmunəŋ	lake	094.1ec1
91103	nabak	good	kpembenəŋ	good	
92251	nabak	(his) father	bip-	(his) father	094.1efd
91607	nabak	(its) skin	sək-	(its) skin	094.1f16
91663	nabak	ye	in	ye	094.1f1b
91117	nabak	hot	tedzin	hot	094.1e42
90529	nabak	that	ke	that	5fe
90613	nabak	round	kililiŋ	round	
90781	nabak	long	teepməŋ	long	
91131	nabak	new	arakŋəŋ	new	094.1e88
91789	nabak	(he) falls	todzi-	(he) falls	
91145	nabak	(it is) dry	ko-	(it is) dry	
90795	nabak	big	taemba	big	
91159	nabak	cold	bakŋəŋ	cold	
91705	nabak	how	dzigok	how	
90669	nabak	breast	nam-	breast	094.1e96
91901	nabak	some	not-	some	
91173	nabak	(its) name	dzikət-	(its) name	094.1e0c
90627	nabak	(it is) full	dzedze kpe-	(it is) full	094.1f22
90809	nabak	small	isikŋen	small	
91187	nabak	not	ku	not	094.1e6d
91803	nabak	(he) turns	giridzəi-	(he) turns	094.1e63
91201	nabak	(it) burns	dzi-	(it) burns	094.1e08
91523	nabak	(its) tongue	nambaram-	(its) tongue	094.1f48
91271	nabak	(he) knows	nɔi-	(he) knows	
90823	nabak	star	wenzim	star	
91215	nabak	road	set	road	fb4
91621	nabak	(its) head	ŋokandzi-	(its) head	094.1e4b
90557	nabak	one	kpep	one	094.1ec5
91845	nabak	(he) pushes	ɔtɔpe-	(he) pushes	
91915	nabak	short	kutuməŋ	short	
90543	nabak	this	kapi	this	
91635	nabak	(its) bone	kandziŋ-	(its) bone	
90837	nabak	sun	kəsuk	sun	
91243	nabak	smoke	kEsEk	smoke	094.1f63
90459	nabak	I	nəŋ	I	094.1ea5
91285	nabak	sand	gambibit	sand	
91257	nabak	(he) hit him	ku-	(he) hit him	094.1f2d
90641	nabak	(his) knee	kpet-	(his) knee	
91229	nabak	water	tu	water	094.1f32
90851	nabak	cloud	dzandza	cloud	
91817	nabak	(he) throws	kətimpe-	(he) throws	094.1edd
91831	nabak	(he) pulls	mandai-	(he) pulls	094.1dff
90865	nabak	rain	map	rain	094.1eda
91467	nabak	woman	imbi	woman	094.1e2b
91299	nabak	stone	nandzəŋ	stone	094.1e56
91929	nabak	wind	tɔgɔ	wind	094.1ebd
91313	nabak	mountain	kaləŋ	mountain	094.1eb6
90501	nabak	who	kureki	who	
91537	nabak	(its) tooth	dzet-	(its) tooth	094.1f5e
90879	nabak	(its) belly	tip-	(its) belly	094.1f2e
91327	nabak	ashes	kɔu	ashes	094.1e69
91649	nabak	he	ək	he	094.1ebf
91341	nabak	earth	misat	earth	094.1e81
90893	nabak	(its) nose	ŋiŋəŋ-	(its) nose	
91355	nabak	(its) leaf	sin-	(its) leaf	094.1ed5
91369	nabak	tree	təp	tree	094.1e9b
91565	nabak	(its) tail	dak-	(its) tail	094.1ed0
90473	nabak	thou	gəŋ	thou	094.1e7f
91943	nabak	sky	kururuŋ	sky	094.1ef7
91383	nabak	(its) root	kindi-	(its) root	094.1e58
91747	nabak	right (side)	panaŋ	right (side)	094.1e76
91481	nabak	man	an	man	094.1e15
91397	nabak	(its) seed	kət-	(its) seed	094.1e6e
90683	nabak	(he) comes	kpe-	(he) comes	
91411	nabak	(its) ear	wak-	(its) ear	
91733	nabak	there	kainde	there	
91579	nabak	(its) meat	səsumbaŋ-	(its) meat	
91425	nabak	louse	emin	louse	094.1e02
90907	nabak	(its) heart	gum kət-	(its) heart	
90949	nabak	(its) hair	dzup-	(its) hair	094.1f40
91439	nabak	dog	tam	dog	094.1f4a
90571	nabak	two	dzut	two	
91957	nabak	dust	kpitnəki	dust	
90697	nabak	(he) sits	ta-	(he) sits	094.1f0a
90963	nabak	(he) dies	gəki-	(he) dies	094.1ef6
92280	ono	rope	ranom	rope	
90460	ono	thou	ge	thou	1e7f,094.1e80
92126	ono	(he) sucks	muzuluki-	(he) sucks	094.1e82
90978	ono	(he) sleeps	pa-	(he) sleeps	
92266	ono	(she) sews	gbetut-	(she) sews	094.1f28
91692	ono	how	daleo	how	
92112	ono	(he) laughs	teni-	(he) laughs	
91496	ono	(his) hand	me-	(his) hand	094.1de3
92350	ono	work	urata	work	
91370	ono	(its) root	ŋodi-	(its) root	
92196	ono	dull	ŋetŋemidaine	dull	
91860	ono	(he) digs	kepikito-	(he) digs	
92224	ono	(his) sister	kiari-	(his) sister	
90474	ono	we	ŋedo	we	
92154	ono	(he) spits	mŋekat-	(he) spits	
90712	ono	(he) stands	okore-	(he) stands	
92294	ono	(he) shoots	yato-	(he) shoots	
90992	ono	(he) eats	ni-	(he) eats	094.207f
92336	ono	clothing	poet	clothing	094.1e13
91762	ono	(he) holds	mi-	(he) holds	094.1e6a
92392	ono	(it) swells	sue-	(it) swells	094.1efe
91454	ono	woman	ŋerep	woman	
92098	ono	(he) vomits	madogi-	(he) vomits	
91972	ono	(its) flower	dzurai-	(its) flower	094.1e04
92364	ono	spear	bim	spear	
91006	ono	(he) bites it	ki-	(he) bites it	094.1e5e
92252	ono	(his) mother	naga-	(his) mother	
90726	ono	all	korop	all	
92084	ono	(its) breath	asumora	(its) breath	
91020	ono	black	dika	black	
92182	ono	warm	geleune	warm	
90586	ono	moon	meso	moon	094.1eed
91538	ono	(its) foot	ki-	(its) foot	094.1e1c
91440	ono	bird	naŋi	bird	094.34a2
92378	ono	(he) blows	puani-	(he) blows	
91300	ono	mountain	bonaga	mountain	094.1eb4
92308	ono	(he) counts	dapori-	(he) counts	
90516	ono	that	eri	that	
92210	ono	(his) brother	tat-	(his) brother	094.1e93
91034	ono	green	wisika	green	
92168	ono	old	lewitne	old	
91594	ono	(its) skin	solai-	(its) skin	094.1f15
92238	ono	(his) father	maga-	(his) father	
90740	ono	many	louloutŋe	many	
92140	ono	(he) cries	arop-	(he) cries	
91048	ono	white	libeka	white	
92322	ono	(they) play	gbat	(they) play	
91678	ono	where	dia	where	094.1eaf
90908	ono	(its) fat	kelok-	(its) fat	094.1f57
91874	ono	(he) cuts	kitot-	(he) cuts	
91986	ono	(its) fruit	wele	(its) fruit	
90488	ono	who	mane	who	
91062	ono	red	weŋemka	red	
91776	ono	(he) falls	keti-	(he) falls	
90754	ono	night	ruwo	night	
91076	ono	yellow	yaŋaike	yellow	
90558	ono	two	etke	two	
90600	ono	round	lolik lolik	round	094.1e8b
91090	ono	good	maine	good	
90768	ono	long	kiroine	long	094.1def
91104	ono	hot	gerep	hot	094.1e44
91426	ono	dog	kasi	dog	094.1f4d
91510	ono	(its) tongue	belakami-	(its) tongue	
91118	ono	new	wele	new	
92000	ono	stick	pokup	stick	
91888	ono	some	nat-	some	
91286	ono	stone	wesi	stone	
91790	ono	(he) turns	maiŋgi-	(he) turns	
90782	ono	big	suaine	big	
91132	ono	(it is) dry	dzipki-	(it is) dry	094.1ded
91356	ono	tree	eki	tree	
90614	ono	(it is) full	watgi	(it is) full	
90530	ono	this	I	this	094.1f04
91146	ono	cold	momoine	cold	
90894	ono	(its) heart	kombaŋi-	(its) heart	
91608	ono	(its) head	lewit-	(its) head	
90796	ono	small	nigatne	small	
91160	ono	(its) name	dei-	(its) name	
92014	ono	worm	boso	worm	094.1e0f
91902	ono	short	bomgoi-	short	
91174	ono	not	mi	not	094.1f51
91706	ono	and	mi	and	094.1e62
90810	ono	star	serekiŋ	star	
91188	ono	(it) burns	dzi-	(it) burns	094.1e08
90628	ono	(his) knee	wawet-	(his) knee	
90684	ono	(he) sits	meri-	(he) sits	
91524	ono	(its) tooth	ŋet-	(its) tooth	
91622	ono	(its) bone	set-	(its) bone	094.1f1a
91342	ono	(its) leaf	meti-	(its) leaf	
91202	ono	road	numa	road	2d1d
91412	ono	louse	emen	louse	094.1e02
90824	ono	sun	kaiwe	sun	094.1e4a
92028	ono	snake	koma	snake	094.1e27
91216	ono	water	doku	water	094.1f31
91804	ono	(he) throws	gbeligi-	(he) throws	
91944	ono	dust	kinekine	dust	
91552	ono	(its) tail	dai-	(its) tail	094.1ecf
91734	ono	right (side)	warage	right (side)	
90838	ono	cloud	kezoŋ	cloud	
91244	ono	(he) hit him	kpe-	(he) hit him	094.1f2f
90656	ono	breast	ŋamu-	breast	094.1e96
90642	ono	(its) claw	zolip-	(its) claw	
91916	ono	wind	momo	wind	094.1ed2
90544	ono	one	weku	one	
91258	ono	(he) knows	deri-	(he) knows	
91272	ono	sand	gbalak	sand	
91720	ono	there	eri	there	094.1e1a
91230	ono	smoke	ŋaup	smoke	
90446	ono	I	nâ	I	094.1ea5
91930	ono	sky	kpeli	sky	
92042	ono	animal	osom	animal	094.1f3d
91818	ono	(he) pulls	woraŋ-	(he) pulls	094.1e83
90866	ono	(its) belly	kai-	(its) belly	
91664	ono	they	eŋe	they	094.1f0d
91328	ono	earth	kepe	earth	
90880	ono	(its) nose	sot-	(its) nose	
91468	ono	man	ŋei	man	094.1e14
91636	ono	he	e	he	094.1ec0
91832	ono	(he) pushes	bira-	(he) pushes	
91846	ono	(he) washes	sauk-	(he) washes	094.1f37
90670	ono	(he) comes	sa-	(he) comes	
92056	ono	(its) back	romo-	(its) back	
91482	ono	(its) blood	weŋemi-	(its) blood	
91748	ono	left (side)	wesi	left (side)	
90502	ono	what	onoka	what	
91580	ono	(its) eye	dei-	(its) eye	094.1eb7
91566	ono	(its) meat	biku-	(its) meat	094.1f12
91314	ono	ashes	kau	ashes	094.1e69
90922	ono	(its) neck	ebi-	its neck	094.1f06
91384	ono	(its) seed	wau-	(its) seed	
90852	ono	rain	koia	rain	094.1ed9
91398	ono	(its) ear	ket-	(its) ear	094.1ebc
90936	ono	(its) hair	dzou-	(its) hair	094.1f40
91958	ono	lake	namuŋ	lake	
90950	ono	(he) dies	seuki-	(he) dies	
92070	ono	(its) wing	gbimgiliu-	(its) wing	
91650	ono	ye	ŋine	ye	094.1f1b
90964	ono	(he) sees me	nan-	(he) sees me	094.1ee0
90698	ono	(he) gives me	nin-	(he) gives me	094.1ed7
90572	ono	(he) says	ra-	(he) says	
91539	selepet	(its) foot	kâi-	(its) foot	094.1e1c
91861	selepet	(he) digs	ai-	(he) digs	
92393	selepet	(it) swells	suk-	(it) swells	094.1efe
90671	selepet	(he) comes	ga-	(he) comes	094.1eee
92379	selepet	(he) blows	hângu-	(he) blows	
90503	selepet	what	wuân	what	094.1e4f
92323	selepet	(they) play	heŋ	(they) play	
90979	selepet	(he) sleeps	i-	(he) sleeps	094.1f3c
92295	selepet	(he) shoots	yer-	(he) shoots	094.1f58
90951	selepet	(he) dies	mu-	(he) dies	094.1ef3,34a7
92337	selepet	clothing	pet	clothing	094.1e13
90867	selepet	(its) belly	tep-	(its) belly	094.1f2e
92281	selepet	rope	ip	rope	
90993	selepet	(he) eats	ni-	(he) eats	094.207f
92225	selepet	(his) sister	tou-	(his) sister	094.1ea7
90713	selepet	(he) stands	kin-	(he) stands	094.1df5
90909	selepet	(its) fat	kelu-	(its) fat	094.1f57
91651	selepet	ye	yen	ye	094.1f1c
92365	selepet	spear	igep	spear	094.1e9e
92085	selepet	(its) breath	heak	(its) breath	094.1dfc
92239	selepet	(his) father	awâ-	(his) father	094.1eff
91763	selepet	(he) holds	mi-	(he) holds	094.1e6a
92253	selepet	(his) mother	mâmâ-	(his) mother	094.1e23
90657	selepet	breast	nam-	breast	094.1e96
92351	selepet	work	nep	work	094.1e17
91441	selepet	bird	nâi	bird	094.34a2
92267	selepet	(she) sews	gâre-	(she) sews	094.1f61
91007	selepet	(he) bites it	ihi-	(he) bites it	094.1e5f
92309	selepet	(he) counts	sâliku-	(he) counts	094.1e10
91301	selepet	mountain	gibâŋe	mountain	094.1eb5
92211	selepet	(his) brother	ata-	(his) brother	094.1e94
90461	selepet	thou	gâ	thou	094.1e7f
91021	selepet	black	heleŋ	black	094.1ee9
90727	selepet	all	kerek	all	
90587	selepet	moon	emesenŋe	moon	
90517	selepet	that	ya	that	094.1edb
91973	selepet	(its) flower	suri-	(its) flower	094.1e04
91035	selepet	green	golâ	green	094.1e48
91427	selepet	dog	soso	dog	387
92099	selepet	(he) vomits	mohat-	(he) vomits	094.1e45
90447	selepet	I	nâ	I	094.1ea5
91049	selepet	white	kaok	white	094.1e30
90741	selepet	many	biwirâ	many	094.1df2
91875	selepet	(he) cuts	hâre-	(he) cuts	094.1f23
91679	selepet	where	wonân	where	094.1eb1
91497	selepet	(his) hand	bât-	(his) hand	094.1e78
91777	selepet	(he) falls	kioŋ-	(he) falls	
91063	selepet	red	kuriŋ	red	094.1e7b
91595	selepet	(its) skin	hâk-	(its) skin	094.1f16
91077	selepet	yellow	gibaŋ	yellow	094.1e33
90755	selepet	night	omoŋ	night	
91987	selepet	(its) fruit	bon-	(its) fruit	094.1e53
90601	selepet	round	gâwâŋ gâwâŋ	round	094.1e8c
92113	selepet	(he) laughs	giriŋ-	(he) laughs	094.1ede
91091	selepet	good	âlipŋe	good	094.1e5c
92029	selepet	snake	habe	snake	
91511	selepet	(its) tongue	nibilam-	(its) tongue	094.1f48
91105	selepet	hot	kâlâp	hot	094.1e43
90769	selepet	long	kâlip	long	094.1def
91357	selepet	tree	nak	tree	094.1e9a
91889	selepet	some	nobot-	some	094.1ecc
90895	selepet	(its) heart	kabiam-	(its) heart	094.1f33
91119	selepet	new	âiŋe	new	
91287	selepet	stone	kât	stone	094.1e54
91693	selepet	how	gira	how	
91133	selepet	(it is) dry	hârâŋ-	(it is) dry	094.1dec
90783	selepet	big	pato	big	094.1e3f
92127	selepet	(he) sucks	musuku-	(he) sucks	094.1e82
92001	selepet	stick	kapam	stick	094.1e29
90615	selepet	(it is) full	pik-	(it is) full	094.1ee7
91791	selepet	(he) turns	purik-	(he) turns	094.1e64
90531	selepet	this	yu	this	
91147	selepet	cold	bâlâpŋe	cold	094.1e01
90489	selepet	who	âlâ	who	094.1f2b
91609	selepet	(its) head	kun-	(its) head	094.1e4b
90853	selepet	rain	gelâk	rain	
91161	selepet	(its) name	kut-	(its) name	094.1e09
90797	selepet	small	tipiŋe	small	
91623	selepet	(its) bone	hahit-	(its) bone	094.1f1a
90685	selepet	(he) sits	ta-	(he) sits	094.1f0a
91175	selepet	not	ki	not	094.1e6d
92141	selepet	(he) cries	isi-	(he) cries	094.1efb
91707	selepet	and	otmu	and	
91189	selepet	(it) burns	si-	(it) burns	094.1e08
90811	selepet	star	petu	star	094.1e3c
92015	selepet	worm	wik	worm	094.1f46
90629	selepet	(his) knee	pawut-	(his) knee	094.1e86
91273	selepet	sand	sak	sand	094.1e98
91903	selepet	short	tâlâwâk	short	094.1f24
91203	selepet	road	giop	road	2d1d
90937	selepet	(its) hair	somot-	(its) hair	094.1f42
91525	selepet	(its) tooth	sât-	(its) tooth	094.1f5e
91343	selepet	(its) leaf	esen-	(its) leaf	094.1ed5
91217	selepet	water	5o	water	094.1f32
90825	selepet	sun	dewutâ	sun	
92155	selepet	(he) spits	tâp-	(he) spits	094.1ea1
91413	selepet	louse	imen	louse	094.1e02
91805	selepet	(he) throws	pila-	(he) throws	
91665	selepet	they	yâk	they	1f10,094.1f11
91931	selepet	sky	hibim	sky	094.1efa
91245	selepet	(he) hit him	ku-	(he) hit him	094.1f2d
90839	selepet	cloud	elem	cloud	
90643	selepet	(its) claw	pekat-	(its) claw	094.1ef1
91581	selepet	(its) eye	sen-	(its) eye	094.1eb7
90545	selepet	one	konok	one	094.1ec4
91917	selepet	wind	berom	wind	094.1ecb
91231	selepet	smoke	utun	smoke	10ee
91455	selepet	woman	ibi	woman	094.1e2b
91721	selepet	there	eda	there	094.1e1a
92043	selepet	animal	sogo	animal	094.1f38
92057	selepet	(its) back	kâdât-	(its) back	094.1e39
91819	selepet	(he) pulls	dâi-	(he) pulls	
92169	selepet	old	sobo	old	094.1ec2
91637	selepet	he	yâk	he	094.1ebf
91399	selepet	(its) ear	âdâp-	(its) ear	094.1ebb
91329	selepet	earth	hân	earth	094.1e7e
91553	selepet	(its) tail	hape-	(its) tail	094.1ed1
91833	selepet	(he) pushes	hâpun-	(he) pushes	
91469	selepet	man	lok	man	094.1e16
91735	selepet	right (side)	bon	right (side)	094.1e77
91567	selepet	(its) meat	sunum-	(its) meat	094.1f14
90559	selepet	two	yâhâp	two	094.1e06
91959	selepet	lake	degân	lake	094.1e71
91371	selepet	(its) root	gihit-	(its) root	
92183	selepet	warm	uruk uruk	warm	094.1f19
91259	selepet	(he) knows	naga-	(he) knows	094.1de9
91315	selepet	ashes	kâu	ashes	094.1e69
91385	selepet	(its) seed	kehet-	(its) seed	094.1e6c
91945	selepet	dust	wahap	dust	094.1f20
90923	selepet	(its) neck	obe-	its neck	094.1f06
90881	selepet	(its) nose	hâme-	(its) nose	094.1f52
91483	selepet	(its) blood	hep-	(its) blood	094.1f5d
91749	selepet	left (side)	kane	left (side)	094.1e22
91847	selepet	(he) washes	puri-	(he) washes	094.1f37
90475	selepet	we	nen	we	094.1f50
92071	selepet	(its) wing	pegam-	(its) wing	094.1ead
90965	selepet	(he) sees me	nek-	(he) sees me	094.1ee2
90699	selepet	(he) gives me	nihi-	(he) gives me	094.1ed6
92197	selepet	dull	pâlâmŋe	dull	094.1f3f
90573	selepet	(he) says	y-	(he) says	094.1e90
92345	burum	clothing	sârâ	clothing	
90973	burum	(he) sees me	nek-	(he) sees me	094.1ee2
92359	burum	work	nup	work	094.1e17
91869	burum	(he) digs	etso-	(he) digs	094.1ec9
92387	burum	(he) blows	unâŋ-	(he) blows	
90707	burum	(he) gives me	niŋgi-	(he) gives me	094.1ed6
92401	burum	(it) swells	kpari-	(it) swells	
90511	burum	what	wania	what	094.1e4f
92373	burum	spear	liŋgip	spear	094.1e9e
91883	burum	(he) cuts	ârâŋgâ-	(he) cuts	
91547	burum	(its) foot	kana-	(its) foot	094.1e2d
92205	burum	dull	mâhâmŋi	dull	
90917	burum	(its) fat	kelâk-	(its) fat	094.1f57
91491	burum	(its) blood	sep-	(its) blood	094.1f5d
90987	burum	(he) sleeps	ahâ-	(he) sleeps	094.1f3a
91967	burum	lake	aŋgâ	lake	094.1e71
92079	burum	(its) wing	gingin-	(its) wing	094.1e24
91001	burum	(he) eats	ne-	(he) eats	094.207f
90581	burum	(he) says	dzi-	(he) says	094.1e90
92093	burum	(its) breath	osoŋgom	(its) breath	094.1dfa
91771	burum	(he) holds	ma-	(he) holds	094.1e6a
91673	burum	they	yeŋân	they	094.1f0f
90721	burum	(he) stands	kin-	(he) stands	094.1df5
91589	burum	(its) eye	dze-	(its) eye	094.1eb7
91015	burum	(he) bites it	yâhâ-	(he) bites it	094.1e5f
91029	burum	black	tâwuŋi	black	
92219	burum	(his) brother	dat-	(his) brother	094.1e93
90903	burum	(its) heart	wel bât-	(its) heart	094.1f30
90735	burum	all	kpakpak	all	
91435	burum	dog	kiam	dog	094.1f4c
91043	burum	green	gârâkŋi	green	
91295	burum	stone	kât	stone	094.1e54
91057	burum	white	tuatŋi	white	094.1e2f
90595	burum	moon	kain	moon	094.1eeb
91981	burum	(its) flower	dzura-	(its) flower	094.1e04
90749	burum	many	gâtpâk	many	
91365	burum	tree	ip	tree	094.1f55
91071	burum	red	pisikŋi	red	094.1e7a
90567	burum	two	yahat	two	094.1e06
92107	burum	(he) vomits	lon-	(he) vomits	094.1e46
92233	burum	(his) sister	nen-	(his) sister	094.1ea8
90945	burum	(its) hair	dzup-	(its) hair	094.1f40
91085	burum	yellow	gohotŋi	yellow	094.1e34
90763	burum	night	suŋgem	night	094.1e41
91687	burum	where	deneke	where	094.1eb0
91393	burum	(its) seed	kât-	(its) seed	094.1e6e
90525	burum	that	me	that	094.1e18
91505	burum	(his) hand	bârâ-	(his) hand	094.1dfd
92135	burum	(he) sucks	bobok-	(he) sucks	
92121	burum	(he) laughs	gisihi-	(he) laughs	094.1e19
91701	burum	how	denep	how	094.1e1d
91099	burum	good	âlipŋi	good	094.1e5c
91351	burum	(its) leaf	sin-	(its) leaf	094.1ed5
91113	burum	hot	kândâp	hot	094.1e43
92247	burum	(his) father	iwi-	(his) father	094.1eff
90609	burum	round	lambâ	round	
90777	burum	long	kâripŋi	long	094.1def
91995	burum	(its) fruit	lâwât-	(its) fruit	
91603	burum	(its) skin	sile-	(its) skin	094.1f17
91127	burum	new	dâlâkŋi	new	094.1e88
90483	burum	we	nini	we	094.1f50
91785	burum	(he) falls	he-	(he) falls	094.1e1f
91421	burum	louse	imin	louse	094.1e02
91141	burum	(it is) dry	ârâŋgâ-	(it is) dry	094.1dec
90791	burum	big	ketaŋi	big	094.1e3d
92009	burum	stick	kambim	stick	094.1e29
90651	burum	(its) claw	kambâ-	(its) claw	
92261	burum	(his) mother	nam-	(his) mother	094.1e23
91155	burum	cold	dziŋim	cold	
91911	burum	short	târâp-	short	094.1f24
91799	burum	(he) turns	meleŋ-	(he) turns	094.1e66
91169	burum	(its) name	kpet-	(its) name	
90623	burum	(it is) full	kokolak kpe-	(it is) full	094.1ee6
91897	burum	some	tosat-	some	094.1ece
90805	burum	small	moroŋi	small	
91519	burum	(its) tongue	neselam-	(its) tongue	094.1f48
91183	burum	not	kpahâp	not	094.1f4f
91197	burum	(it) burns	dze-	(it) burns	094.1e08
91617	burum	(its) head	noruk-	(its) head	094.1eba
90819	burum	star	seŋgeleu	star	094.1e3b
90539	burum	this	ke	this	12e4
92149	burum	(he) cries	saha-	(he) cries	094.1ef9
91715	burum	and	mi	and	094.1e62
91211	burum	road	kâna	road	094.1f66
92023	burum	worm	maŋgik	worm	
90455	burum	I	ni	I	094.1ea4,1746
91449	burum	bird	nei	bird	094.34a2
91225	burum	water	ou	water	a96,094.1f26
90637	burum	(his) knee	simin-	(his) knee	094.1e84
92177	burum	old	walakŋi	old	094.1ebe
91407	burum	(its) ear	ketsap-	(its) ear	094.1ebc
90833	burum	sun	welgân	sun	094.1e49
90665	burum	breast	dzudzu-	breast	094.1e97
91631	burum	(its) bone	sihit-	(its) bone	094.1f1a
91239	burum	smoke	kasak	smoke	094.1f63
90931	burum	(its) neck	dzâl-	its neck	094.1f07
90469	burum	thou	gi	thou	094.1e80
91813	burum	(he) throws	gilian-	(he) throws	
91253	burum	(he) hit him	kpe-	(he) hit him	094.1f2f
91855	burum	(he) washes	soŋgaŋ-	(he) washes	094.1f36
92037	burum	snake	mokoleŋ	snake	094.1e26
90847	burum	cloud	kousu	cloud	094.1dfe
90679	burum	(he) comes	ka-	(he) comes	094.1eee
92163	burum	(he) spits	sâwât-	(he) spits	094.1ea0
91533	burum	(its) tooth	dzit-	(its) tooth	094.1f5e
91281	burum	sand	sak	sand	094.1e98
92275	burum	(she) sews	ume-	(she) sews	094.1f62
92289	burum	rope	kisa	rope	094.1e0e
90497	burum	who	kun	who	094.1f29
90861	burum	rain	kie	rain	094.1ed9
92303	burum	(he) shoots	erâ-	(he) shoots	094.1f58
91323	burum	ashes	kau	ashes	094.1e69
91267	burum	(he) knows	ma-	(he) knows	094.1dea
91463	burum	woman	ambi	woman	094.1e2b
91925	burum	wind	luhut	wind	1eac,094.1ed2
91729	burum	there	endu	there	094.1e1a
91561	burum	(its) tail	dai-	(its) tail	094.1ecf
91645	burum	he	I	he	094.1ec0
91337	burum	earth	gâlme	earth	
90889	burum	(its) nose	sâhârâ-	(its) nose	094.1f53
91827	burum	(he) pulls	arâ-	(he) pulls	094.1e83
91743	burum	right (side)	âl	right (side)	094.1e74
92317	burum	(he) counts	oyen-	(he) counts	094.1e12
91841	burum	(he) pushes	kpetalian-	(he) pushes	
92051	burum	animal	sumbup	animal	094.1de2
91939	burum	sky	suep	sky	
92065	burum	(its) back	gânesem-	(its) back	
91477	burum	man	atsi	man	
90553	burum	one	mohot	one	094.1ec6
90875	burum	(its) belly	gâlâm-	(its) belly	
91575	burum	(its) meat	busu-	(its) meat	094.1f13
91953	burum	dust	nesak	dust	094.1f1f
91659	burum	ye	ini	ye	094.1f1b
90693	burum	(he) sits	ta-	(he) sits	094.1f0a
90959	burum	(he) dies	kâmu-	(he) dies	094.1ef4
92191	burum	warm	kândâp kândâp	warm	
92331	burum	(they) play	mânahât	(they) play	
91309	burum	mountain	kunduŋi	mountain	094.1eb3
91757	burum	left (side)	kpani	left (side)	094.1e22
91379	burum	(its) root	dzalâ-	(its) root	094.1e57
92200	mindik	dull	dzâtbâtâm	dull	
90702	mindik	(he) gives me	niŋgi-	(he) gives me	094.1ed6
91766	mindik	(he) holds	me-	(he) holds	094.1e6a
90576	mindik	(he) says	dzi-	(he) says	094.1e90
92354	mindik	work	nup	work	094.1e17
90982	mindik	(he) sleeps	ahâ-	(he) sleeps	094.1f3a
91444	mindik	bird	nei	bird	094.34a2
91962	mindik	lake	aŋgâ	lake	094.1e71
91304	mindik	mountain	kunduŋi	mountain	094.1eb3
90996	mindik	(he) eats	ne-	(he) eats	094.207f
90688	mindik	(he) sits	ta-	(he) sits	094.1f0a
90716	mindik	(he) stands	kin-	(he) stands	094.1df5
91010	mindik	(he) bites it	yâhâ-	(he) bites it	094.1e5f
90674	mindik	(he) comes	ka-	(he) comes	094.1eee
91864	mindik	(he) digs	etso-	(he) digs	094.1ec9
91584	mindik	(its) eye	dze-	(its) eye	094.1eb7
91374	mindik	(its) root	dzalâ-	(its) root	094.1e57
90478	mindik	we	nini	we	094.1f50
92368	mindik	spear	liŋgip	spear	094.1e9e
91976	mindik	(its) flower	dzura-	(its) flower	094.1e04
92088	mindik	(its) breath	osoŋgom	(its) breath	094.1dfa
91024	mindik	black	indzaŋi	black	094.1e8f
92214	mindik	(his) brother	dat-	(his) brother	094.1e93
90730	mindik	all	mooketaŋi	all	
91682	mindik	where	denoke	where	094.1eb0
90590	mindik	moon	kaiŋ	moon	094.1eeb
91038	mindik	green	tâŋgân tâŋgân	green	
90884	mindik	(its) nose	sâŋgârâ-	(its) nose	094.1f53
91360	mindik	tree	ip	tree	094.1f55
91500	mindik	(his) hand	dzât-	(his) hand	
91388	mindik	(its) seed	kât-	(its) seed	094.1e6e
90548	mindik	one	mokuŋ	one	094.1ec7
92382	mindik	(he) blows	hu-	(he) blows	094.354c
91780	mindik	(he) falls	he-	(he) falls	094.1e1f
90520	mindik	that	me	that	094.1e18
91052	mindik	white	toatŋi	white	094.1e2f
90744	mindik	many	seseŋi	many	094.1df4
92102	mindik	(he) vomits	lon-	(he) vomits	094.1e46
91066	mindik	red	pâsikŋi	red	094.1e7a
90464	mindik	thou	gi	thou	094.1e80
92228	mindik	(his) sister	nen-	(his) sister	094.1ea8
91276	mindik	sand	sakosiŋ	sand	094.1e98
91878	mindik	(he) cuts	kpiti-	(he) cuts	
91290	mindik	stone	kât	stone	094.1e54
91080	mindik	yellow	gibaŋi	yellow	
91430	mindik	dog	kiam	dog	094.1f4c
90758	mindik	night	suŋgem	night	094.1e41
91598	mindik	(its) skin	sele-	(its) skin	094.1f15
91990	mindik	(its) fruit	hâl-	(its) fruit	094.1e50
90604	mindik	round	lilik lilik	round	094.1e8b
91094	mindik	good	âlipŋi	good	094.1e5c
90898	mindik	(its) heart	wel bât-	(its) heart	094.1f30
90450	mindik	I	ni	I	1746,094.1ea4
92242	mindik	(his) father	mam-	(his) father	094.4a8
91108	mindik	hot	kânâp	hot	094.1e43
90856	mindik	rain	kie	rain	094.1ed9
90772	mindik	long	kâripŋi	long	094.1def
90912	mindik	(its) fat	kelâk-	(its) fat	094.1f57
92116	mindik	(he) laughs	botakâl-	(he) laughs	
91122	mindik	new	dâlâkŋi	new	094.1e88
91892	mindik	some	tosat-	some	094.1ece
91136	mindik	(it is) dry	ârâŋgo-	(it is) dry	094.1dec
90786	mindik	big	ketaŋi	big	094.1e3d
92004	mindik	stick	tahap	stick	094.1e2a
90940	mindik	(its) hair	dzup-	(its) hair	094.1f40
90618	mindik	(it is) full	koko kpe-	(it is) full	094.1ee6
91514	mindik	(its) tongue	nesolam-	(its) tongue	094.1f48
91150	mindik	cold	hamotŋi	cold	
91696	mindik	how	denowo	how	094.1e1d
90506	mindik	what	nâwâ	what	
92130	mindik	(he) sucks	botso-	(he) sucks	094.1ef2
91794	mindik	(he) turns	meleŋ-	(he) turns	094.1e66
91542	mindik	(its) foot	kana-	(its) foot	094.1e2d
92018	mindik	worm	gusu	worm	094.1e0f
91164	mindik	(its) name	kurap-	(its) name	
90800	mindik	small	komokŋi	small	094.1dee
92144	mindik	(he) cries	saha-	(he) cries	094.1ef9
91808	mindik	(he) throws	moso-	(he) throws	094.1ea2
90534	mindik	this	mu	this	094.1f02
91178	mindik	not	kpaho	not	094.1f4f
91612	mindik	(its) head	noruk-	(its) head	094.1eba
91416	mindik	louse	imin	louse	094.1e02
91192	mindik	(it) burns	dze-	(it) burns	094.1e08
91346	mindik	(its) leaf	sin-	(its) leaf	094.1ed5
90814	mindik	star	seŋgeleu	star	094.1e3b
90492	mindik	who	kân	who	094.1f29
90632	mindik	(his) knee	simin-	(his) knee	094.1e84
91206	mindik	road	kâna	road	094.1f66
92340	mindik	clothing	opo	clothing	094.1de5
91710	mindik	and	ami	and	094.1e62
92270	mindik	(she) sews	ume-	(she) sews	094.1f62
91906	mindik	short	târâp-	short	094.1f24
91528	mindik	(its) tooth	dzât-	(its) tooth	094.1f5e
91220	mindik	water	ou	water	a96,094.1f26
90562	mindik	two	wâit	two	094.1e05
90828	mindik	sun	wehon	sun	094.1e49
92312	mindik	(he) counts	oyon-	(he) counts	094.1e12
91626	mindik	(its) bone	sihit-	(its) bone	094.1f1a
91836	mindik	(he) pushes	meakpo-	(he) pushes	
91920	mindik	wind	luhut	wind	1eac,094.1ed2
91332	mindik	earth	baloŋ	earth	
92284	mindik	rope	kisa	rope	094.1e0e
91822	mindik	(he) pulls	hârâ-	(he) pulls	094.1e83
92046	mindik	animal	sumbup	animal	094.1de2
92032	mindik	snake	mokoleŋ	snake	094.1e26
91248	mindik	(he) hit him	kpe-	(he) hit him	094.1f2f
90842	mindik	cloud	kousu	cloud	094.1dfe
92158	mindik	(he) spits	sâwât-	(he) spits	094.1ea0
90926	mindik	(its) neck	dzâl-	its neck	094.1f07
92172	mindik	old	walakŋi	old	094.1ebe
91402	mindik	(its) ear	ketsap-	(its) ear	094.1ebc
92256	mindik	(his) mother	namon-	(his) mother	094.1e23
91234	mindik	smoke	kowak	smoke	094.1f63
91262	mindik	(he) knows	mo-	(he) knows	094.1dea
90646	mindik	(its) claw	kesât-	(its) claw	
92298	mindik	(he) shoots	erâ-	(he) shoots	094.1f58
92396	mindik	(it) swells	boŋgo-	(it) swells	094.1f09
91458	mindik	woman	ambi	woman	094.1e2b
91556	mindik	(its) tail	lou-	(its) tail	
91724	mindik	there	endu	there	094.1e1a
91640	mindik	he	I	he	094.1ec0
91738	mindik	right (side)	hâl	right (side)	094.1e74
91934	mindik	sky	kurumen	sky	094.1ef7
91472	mindik	man	aiwi	man	
92074	mindik	(its) wing	gingin-	(its) wing	094.1e24
91948	mindik	dust	iwai	dust	094.1f1e
91654	mindik	ye	iŋiŋi	ye	094.1f1b
92060	mindik	(its) back	gemat-	(its) back	094.1e38
92186	mindik	warm	kânâpnaŋguk	warm	
90660	mindik	breast	dzudzu-	breast	094.1e97
91318	mindik	ashes	kau	ashes	094.1e69
91570	mindik	(its) meat	busu-	(its) meat	094.1f13
91668	mindik	they	yeŋgân	they	094.1f0f
92326	mindik	(they) play	aŋgolat	(they) play	094.1f5a
91850	mindik	(he) washes	soŋgaŋ-	(he) washes	094.1f36
91752	mindik	left (side)	kani	left (side)	094.1e22
90954	mindik	(he) dies	komu-	(he) dies	094.1ef4
90870	mindik	(its) belly	irip-	(its) belly	
90968	mindik	(he) sees me	nek-	(he) sees me	094.1ee2
91486	mindik	(its) blood	sep-	(its) blood	094.1f5d
92371	timbe	spear	igep	spear	094.1e9e
92217	timbe	(his) brother	teu-	(his) brother	
90453	timbe	I	nâ	I	094.1ea5
92077	timbe	(its) wing	bâbâlâm-	(its) wing	
91601	timbe	(its) skin	hâk-	(its) skin	094.1f16
90705	timbe	(he) gives me	niŋ-	(he) gives me	094.1ed6
91671	timbe	they	yâk	they	094.1f10
91993	timbe	(its) fruit	bun-	(its) fruit	094.1e53
90985	timbe	(he) sleeps	ye-	(he) sleeps	094.1f3c
92357	timbe	work	nep	work	094.1e17
90579	timbe	(he) says	ma-	(he) says	
91531	timbe	(its) tooth	dât-	(its) tooth	094.1f5e
91965	timbe	lake	bâtgum	lake	
90999	timbe	(he) eats	ni-	(he) eats	094.207f
92203	timbe	dull	pâlâmŋe	dull	094.1f3f
90719	timbe	(he) stands	kin-	(he) stands	094.1df5
91013	timbe	(he) bites it	ihi-	(he) bites it	094.1e5f
91867	timbe	(he) digs	kendâ-	(he) digs	094.1ec8
90551	timbe	one	kânok	one	094.1ec4
91377	timbe	(its) root	kâdârâ-	(its) root	094.1e58
90691	timbe	(he) sits	ta-	(he) sits	094.1f0a
91027	timbe	black	heleŋ	black	094.1ee9
91587	timbe	(its) eye	dewun-	(its) eye	
92091	timbe	(its) breath	heak	(its) breath	094.1dfc
91769	timbe	(he) holds	me-	(he) holds	094.1e6a
90733	timbe	all	hârowâk	all	
91433	timbe	dog	dua	dog	
91979	timbe	(its) flower	huri-	(its) flower	094.1e04
91041	timbe	green	golâ	green	094.1e48
90593	timbe	moon	dewutâ hâdâhân gâtŋe	moon	
91055	timbe	white	kau	white	094.1e30
90677	timbe	(he) comes	gu-	(he) comes	094.1eee
90747	timbe	many	biwirâ	many	094.1df2
90901	timbe	(its) heart	okot-	(its) heart	
92399	timbe	(it) swells	kaule-	(it) swells	
91293	timbe	stone	kât	stone	094.1e54
91069	timbe	red	gilâmŋe	red	
91503	timbe	(his) hand	bât-	(his) hand	094.1e78
90523	timbe	that	idâ	that	
92105	timbe	(he) vomits	muhat-	(he) vomits	094.1e45
91881	timbe	(he) cuts	hâri-	(he) cuts	094.1f23
91083	timbe	yellow	gibaŋ	yellow	094.1e33
91391	timbe	(its) seed	kâdet-	(its) seed	
91783	timbe	(he) falls	gi-	(he) falls	
90761	timbe	night	hadâk	night	
91363	timbe	tree	lâwin	tree	
92231	timbe	(his) sister	tâu-	(his) sister	094.1ea7
91097	timbe	good	âlipŋe	good	094.1e5c
91685	timbe	where	wanân	where	094.1eb1
91419	timbe	louse	imen	louse	094.1e02
91797	timbe	(he) turns	purik-	(he) turns	094.1e64
90607	timbe	round	gâwâŋ gâwâŋ	round	094.1e8c
92259	timbe	(his) mother	meme-	(his) mother	094.1e23
91517	timbe	(its) tongue	elewot-	(its) tongue	
91111	timbe	hot	kâlâp	hot	094.1e43
90859	timbe	rain	tânâk	rain	
90775	timbe	long	kâlip	long	094.1def
90943	timbe	(its) hair	dumut-	(its) hair	094.1f42
92119	timbe	(he) laughs	giriŋ-	(he) laughs	094.1ede
91125	timbe	new	irakŋe	new	094.1e88
92245	timbe	(his) father	ewe-	(his) father	094.1eff
91895	timbe	some	bik-	some	
91699	timbe	how	gain hinare	how	
91139	timbe	(it is) dry	kamili-	(it is) dry	
90789	timbe	big	humo	big	
90915	timbe	(its) fat	kelu-	(its) fat	094.1f57
92133	timbe	(he) sucks	musuku-	(he) sucks	094.1e82
91153	timbe	cold	bâlâpŋe	cold	094.1e01
91335	timbe	earth	hân	earth	094.1e7e
90621	timbe	(it is) full	pik-	(it is) full	094.1ee7
92007	timbe	stick	buhâ	stick	
90467	timbe	thou	gâ	thou	094.1e7f
90887	timbe	(its) nose	hâme-	(its) nose	094.1f52
91167	timbe	(its) name	kot-	(its) name	094.1e09
91545	timbe	(its) foot	kei-	(its) foot	094.1e1c
90803	timbe	small	bâleŋe	small	
90565	timbe	two	lâuwâ	two	
91615	timbe	(its) head	kaut-	(its) head	094.1e4c
91181	timbe	not	bo	not	
90537	timbe	this	I	this	094.1f04
91279	timbe	sand	sak	sand	094.1e98
91349	timbe	(its) leaf	esen-	(its) leaf	094.1ed5
91195	timbe	(it) burns	o-	(it) burns	
90817	timbe	star	pituŋ	star	094.1e3c
92021	timbe	worm	gipmaŋ	worm	094.1f45
91447	timbe	bird	laut	bird	094.1f68
91209	timbe	road	dâp	road	
92273	timbe	(she) sews	parut-	(she) sews	
90635	timbe	(his) knee	pawut-	(his) knee	094.1e86
92147	timbe	(he) cries	ide-	(he) cries	
91909	timbe	short	tâlâwâk	short	094.1f24
91713	timbe	and	akdo	and	
91223	timbe	water	tu	water	094.1f32
90831	timbe	sun	poiap	sun	
92287	timbe	rope	tâk	rope	094.1e0d
91475	timbe	man	luâk	man	094.1e16
92343	timbe	clothing	yaban	clothing	
92301	timbe	(he) shoots	er-	(he) shoots	094.1f58
91405	timbe	(its) ear	âdâp-	(its) ear	094.1ebb
92315	timbe	(he) counts	oyaŋ-	(he) counts	094.1e12
91923	timbe	wind	seru	wind	
92385	timbe	(he) blows	wai-	(he) blows	094.1f65
90495	timbe	who	kiâ	who	
92161	timbe	(he) spits	tâwut-	(he) spits	
91657	timbe	ye	ye	ye	094.1f1c
91811	timbe	(he) throws	hepu-	(he) throws	
91251	timbe	(he) hit him	ko-	(he) hit him	094.1f2d
92035	timbe	snake	niabi	snake	094.1e25
90845	timbe	cloud	hamadat	cloud	
91461	timbe	woman	âbâi	woman	094.1e2b
91629	timbe	(its) bone	hahit-	(its) bone	094.1f1a
91265	timbe	(he) knows	nâgâ-	(he) knows	094.1de9
91727	timbe	there	idâ	there	094.1e1a
92175	timbe	old	sâbâ	old	094.1ec2
91643	timbe	he	yâk	he	094.1ebf
91825	timbe	(he) pulls	oloŋak-	(he) pulls	094.1e83
91937	timbe	sky	hibim	sky	094.1efa
92049	timbe	animal	yo	animal	094.1f64
91559	timbe	(its) tail	dape-	(its) tail	094.1ed1
90649	timbe	(its) claw	pekat-	(its) claw	094.1ef1
90663	timbe	breast	nam-	breast	094.1e96
91321	timbe	ashes	kau	ashes	094.1e69
91489	timbe	(its) blood	gilâm-	(its) blood	
91741	timbe	right (side)	bun	right (side)	094.1e77
90929	timbe	(its) neck	han-	its neck	
91839	timbe	(he) pushes	hokok-	(he) pushes	
90481	timbe	we	nen	we	094.1f50
92063	timbe	(its) back	hame-	(its) back	
91237	timbe	smoke	dâwok	smoke	
91853	timbe	(he) washes	puli-	(he) washes	
91307	timbe	mountain	gibâŋe	mountain	094.1eb5
92189	timbe	warm	utunŋe utudâk	warm	
91951	timbe	dust	gahap	dust	094.1f20
90873	timbe	(its) belly	tep-	(its) belly	094.1f2e
91573	timbe	(its) meat	sunum-	(its) meat	094.1f14
90957	timbe	(he) dies	mo-	(he) dies	094.1ef3
91755	timbe	left (side)	kane	left (side)	094.1e22
90509	timbe	what	wan	what	094.1e4f
92329	timbe	(they) play	hâlimak-	(they) play	
90971	timbe	(he) sees me	nek-	(he) sees me	094.1ee2
92208	tobo	dull	dzerakpa	dull	094.1ee8
90976	tobo	(he) sees me	nen-	(he) sees me	094.1ee0
90458	tobo	I	ni	I	1746,094.1ea4
92082	tobo	(its) wing	kpegam-	(its) wing	094.1ead
90710	tobo	(he) gives me	nem-	(he) gives me	094.1ed7
90990	tobo	(he) sleeps	gâohe-	(he) sleeps	
91858	tobo	(he) washes	dzua-	(he) washes	094.1f35
90556	tobo	one	mohok	one	094.1ec6
90514	tobo	what	nâmat	what	094.1e4d
91004	tobo	(he) eats	ne-	(he) eats	094.207f
91676	tobo	they	ini	they	094.1f0e
91298	tobo	stone	baŋa	stone	
92362	tobo	work	ahai	work	
90584	tobo	(he) says	dzi-	(he) says	094.1e90
91438	tobo	dog	kiam	dog	094.1f4c
90724	tobo	(he) stands	nan-	(he) stands	094.1df6
91018	tobo	(he) bites it	ki-	(he) bites it	094.1e5e
91970	tobo	lake	dzokâm	lake	094.1e71
91032	tobo	black	dzapala	black	094.1e8d
91494	tobo	(its) blood	sap-	(its) blood	094.1f5d
91508	tobo	(his) hand	mârâ-	(his) hand	094.1dfd
90682	tobo	(he) comes	ka-	(he) comes	094.1eee
92096	tobo	(its) breath	wesi-	(its) breath	094.1df9
90738	tobo	all	eŋalek	all	
91774	tobo	(he) holds	kasa-	(he) holds	
91046	tobo	green	asoŋa	green	094.1e47
92376	tobo	spear	lihip	spear	094.1e9e
91984	tobo	(its) flower	dzuri-	(its) flower	094.1e04
90948	tobo	(its) hair	dzu-	(its) hair	094.1f40
90864	tobo	rain	kia	rain	094.1ed9
91872	tobo	(he) digs	asâ-	(he) digs	
91368	tobo	tree	ip	tree	094.1f55
91060	tobo	white	lalap	white	094.1e1b
91592	tobo	(its) eye	kpat-	(its) eye	
92222	tobo	(his) brother	dat-	(his) brother	094.1e93
90598	tobo	moon	kombol	moon	094.1eec
90752	tobo	many	sesia	many	094.1df4
92110	tobo	(he) vomits	lon-	(he) vomits	094.1e46
91074	tobo	red	pâsâha	red	094.1e7a
91690	tobo	where	dumua	where	094.1eaf
92236	tobo	(his) sister	nauŋ-	(his) sister	094.1ea9
90654	tobo	(its) claw	kawân-	(its) claw	
91088	tobo	yellow	gbaot gbaot	yellow	094.1e35
92390	tobo	(he) blows	hi-	(he) blows	094.354c
91452	tobo	bird	ni	bird	34a2
90766	tobo	night	siŋiaha	night	094.1e40
91102	tobo	good	eha	good	
90920	tobo	(its) fat	kalak-	(its) fat	094.1f57
91998	tobo	(its) fruit	hal-	(its) fruit	094.1e50
91788	tobo	(he) falls	ma-	(he) falls	094.1e21
92250	tobo	(his) father	mam-	(his) father	094.4a8
91424	tobo	louse	imin	louse	094.1e02
92404	tobo	(it) swells	buŋgu-	(it) swells	094.1f09
90528	tobo	that	mi	that	094.1e18
91116	tobo	hot	girua	hot	094.1e44
91718	tobo	and	wamu	and	094.1e61
91606	tobo	(its) skin	sâwâl-	(its) skin	094.1f17
90612	tobo	round	koroŋ koroŋ	round	094.1e8a
91410	tobo	(its) ear	kesap-	(its) ear	094.1ebc
90780	tobo	long	kârua	long	094.1def
91886	tobo	(he) cuts	kâri-	(he) cuts	094.1f21
91340	tobo	earth	bait	earth	094.1e7c
90486	tobo	we	nini	we	094.1f50
91284	tobo	sand	sak	sand	094.1e98
92124	tobo	(he) laughs	gisihi-	(he) laughs	094.1e19
91704	tobo	how	dasoŋ	how	
90472	tobo	thou	gi	thou	094.1e80
91396	tobo	(its) seed	gopi-	(its) seed	
91172	tobo	(its) name	kiwa	(its) name	094.1e0b
91354	tobo	(its) leaf	karem-	(its) leaf	094.1ed3
90794	tobo	big	baia	big	
91158	tobo	cold	saŋgeŋ	cold	094.1f43
91144	tobo	(it is) dry	dzipkâ-	(it is) dry	094.1ded
92264	tobo	(his) mother	naŋgi-	(his) mother	094.1f5c
91802	tobo	(he) turns	meleŋ-	(he) turns	094.1e66
90668	tobo	breast	namo-	breast	094.1e96
90892	tobo	(its) nose	sâhâri-	(its) nose	094.1f53
91522	tobo	(its) tongue	edzelâm-	(its) tongue	094.1f48
91550	tobo	(its) foot	kani-	(its) foot	094.1e2d
90626	tobo	(it is) full	kâia kpe-	(it is) full	094.1ee5
91900	tobo	some	tosat-	some	094.1ece
90808	tobo	small	komora	small	094.1dee
91186	tobo	not	mândâ	not	094.1e72
92012	tobo	stick	bim	stick	094.1e29
92138	tobo	(he) sucks	bitsi-	(he) sucks	094.1ef2
91200	tobo	(it) burns	dze-	(it) burns	094.1e08
92026	tobo	worm	gusu	worm	094.1e0f
92152	tobo	(he) cries	sia-	(he) cries	094.1ef9
90822	tobo	star	sekelo	star	094.1e3b
91214	tobo	road	kâna	road	094.1f66
91620	tobo	(its) head	norok-	(its) head	094.1eba
92278	tobo	(she) sews	kpali-	(she) sews	
92348	tobo	clothing	owo	clothing	094.1de5
90542	tobo	this	mu	this	094.1f02
91228	tobo	water	duku	water	094.1f31
90640	tobo	(his) knee	simin-	(his) knee	094.1e84
90836	tobo	sun	kaiwe	sun	094.1e4a
91242	tobo	smoke	kasak	smoke	094.1f63
91914	tobo	short	katoŋ	short	094.1f08
91130	tobo	new	gbilik	new	094.1e87
91760	tobo	left (side)	kpana	left (side)	094.1e22
90878	tobo	(its) belly	kerap-	(its) belly	094.1f2c
91536	tobo	(its) tooth	dzât-	(its) tooth	094.1f5e
90850	tobo	cloud	kosu	cloud	094.1dfe
91270	tobo	(he) knows	nin-	(he) knows	094.1de7
92292	tobo	rope	sâhap	rope	
91634	tobo	(its) bone	sihit-	(its) bone	094.1f1a
91816	tobo	(he) throws	wai-	(he) throws	094.1eab
91466	tobo	woman	embat	woman	094.1e2b
91732	tobo	there	ere	there	094.1e1a
92306	tobo	(he) shoots	wiri-	(he) shoots	094.1f59
91928	tobo	wind	luhut	wind	094.1eac
91830	tobo	(he) pulls	mâsâl-	(he) pulls	
90500	tobo	who	mâŋ	who	094.1f2a
91326	tobo	ashes	kama	ashes	094.1e68
91648	tobo	he	I	he	094.1ec0
92166	tobo	(he) spits	sotkân-	(he) spits	
91256	tobo	(he) hit him	kpe-	(he) hit him	094.1f2f
92040	tobo	snake	kemala	snake	
92334	tobo	(they) play	ariat	(they) play	094.1f5b
90934	tobo	(its) neck	dzel-	its neck	094.1f07
91564	tobo	(its) tail	dzi-	(its) tail	094.1ecf
92054	tobo	animal	yaŋ	animal	094.1f3e
92180	tobo	old	walaha	old	094.1ebe
92320	tobo	(he) counts	oyon-	(he) counts	094.1e12
91942	tobo	sky	kuremen	sky	094.1ef7
91844	tobo	(he) pushes	kpeati-	(he) pushes	
91480	tobo	man	ip	man	094.1e14
91746	tobo	right (side)	hâla	right (side)	094.1e74
91382	tobo	(its) root	ânde-	(its) root	094.1e5a
91662	tobo	ye	ini	ye	094.1f1b
91312	tobo	mountain	bohoŋa	mountain	094.1eb4
90570	tobo	two	râhât	two	094.1e06
91578	tobo	(its) meat	busi-	(its) meat	094.1f13
90696	tobo	(he) sits	ta-	(he) sits	094.1f0a
90906	tobo	(its) heart	wei bât-	(its) heart	094.1f30
90962	tobo	(he) dies	kâmu-	(he) dies	094.1ef4
92068	tobo	(its) back	gemat-	(its) back	094.1e38
92194	tobo	warm	komotia	warm	
91956	tobo	dust	iwai	dust	094.1f1e
